FacilityID,Date,FlowConnectivity,FlowCondition,PersistentFlow,SampleDry,FloatDischargeCFS,VolumeDischargeCFS,rain_gage,wet_within_72,GlobalID,QInscfs,MonitoringYear,QInscfsAdj,QInsCFAdj,medianTMcfs,medianRcfs,medianOFPcfs,medianTM,medianOCFS2021cfs,medianDFM2022cfs,medianSWN2022cfs,QDailycfContTMcf,QDailycfContRcf,QDailycfContOFPcf,QDailycfContOCFScf,QDailycfContSWNcf
DP01-12022-1,2022-09-26,Direct Connection,Flowing,Yes,,0.0078,NA,DANAPOINT,FALSE,{2930B26A-DE4C-4E36-8E9D-20B5B8F77DA9},0.0078,MY2021-22,0.005382,465.0048,NA,NA,NA,NA,NA,NA,NA,NA,NA,NA,NA,NA
DP01-12022-2,2022-07-12,None - Flow Infiltrates or Outfall is Dry,Dry,Unknown,,0,0,DANAPOINT,FALSE,{F1A20556-9AFE-4BFC-A5BD-765B4F16802D},0,MY2021-22,0,0,NA,NA,NA,NA,NA,NA,NA,NA,NA,NA,NA,NA
DP01-12022-2,2022-09-26,None - Flow Infiltrates or Outfall is Dry,Dry,Unknown,,0,0,DANAPOINT,FALSE,{F1A20556-9AFE-4BFC-A5BD-765B4F16802D},0,MY2021-22,0,0,NA,NA,NA,NA,NA,NA,NA,NA,NA,NA,NA,NA
DP06-12106-1,2022-09-26,None - Flow Infiltrates or Outfall is Dry,Flowing,Yes,,0.09,NA,DANAPOINT,FALSE,{FA96D381-A5FA-4EF8-9755-46E6C80C3DBB},0.09,MY2021-22,0.062099999999999995,5365.44,NA,NA,NA,NA,NA,NA,NA,NA,NA,NA,NA,NA
I00-11453-1,2022-07-05,None - Flow Infiltrates or Outfall is Dry,Dry,Unknown,,0,0,LAGUNABEACH,FALSE,{171AC70D-B722-42FD-9ADA-813B331846A7},0,MY2021-22,0,0,NA,NA,NA,NA,NA,NA,NA,NA,NA,NA,NA,NA
I00-11453-1,2022-08-16,None - Flow Infiltrates or Outfall is Dry,Dry,Unknown,,0,0,LAGUNABEACH,FALSE,{171AC70D-B722-42FD-9ADA-813B331846A7},0,MY2021-22,0,0,NA,NA,NA,NA,NA,NA,NA,NA,NA,NA,NA,NA
I00-11468-1,2022-06-21,Direct Connection,Flowing,Yes,Yes,0.0192,NA,LAGUNABEACH,FALSE,{60A6CD6E-DA16-422B-8EDA-6D2EFD365167},0.0192,MY2021-22,0.013247999999999998,1144.6272,NA,NA,NA,NA,NA,NA,NA,NA,NA,NA,NA,NA
I00-11468-1,2022-09-07,Direct Connection,Flowing,Yes,Yes,0.005263,NA,LAGUNABEACH,FALSE,{60A6CD6E-DA16-422B-8EDA-6D2EFD365167},0.005263,MY2021-22,0.00363147,313.759008,NA,NA,NA,NA,NA,NA,NA,NA,NA,NA,NA,NA
I00-11518-1,2022-08-16,None - Flow Infiltrates or Outfall is Dry,Dry,Unknown,,0,0,LAGUNABEACH,FALSE,{77142EB8-ED5A-457E-A15B-0DA4FE92CCF2},0,MY2021-22,0,0,NA,NA,NA,NA,NA,NA,NA,NA,NA,NA,NA,NA
I01-11010-1,2022-06-21,Direct Connection,Flowing,Yes,Yes,0.007407,NA,LAGUNABEACH,FALSE,{25FC0B7A-A34B-48D1-86FD-00FA62D21B2B},0.007407,MY2021-22,0.00511083,441.57571200000007,NA,NA,NA,NA,NA,NA,NA,NA,NA,NA,NA,NA
I01-11010-1,2022-09-07,Direct Connection,Flowing,Yes,Yes,NA,0.014,LAGUNABEACH,FALSE,{25FC0B7A-A34B-48D1-86FD-00FA62D21B2B},0.014,MY2021-22,0.00966,834.624,NA,NA,NA,NA,NA,NA,NA,NA,NA,NA,NA,NA
I01-11015-2,2022-07-21,None - Flow Infiltrates or Outfall is Dry,Dry,Unknown,,0,0,LAGUNABEACH,FALSE,{7466B2A4-CC2D-4862-BC7C-0ABA52F841B0},0,MY2021-22,0,0,NA,NA,NA,NA,NA,NA,NA,NA,NA,NA,NA,NA
I01-11015-2,2022-09-01,None - Flow Infiltrates or Outfall is Dry,Dry,Unknown,,0,0,LAGUNABEACH,FALSE,{7466B2A4-CC2D-4862-BC7C-0ABA52F841B0},0,MY2021-22,0,0,NA,NA,NA,NA,NA,NA,NA,NA,NA,NA,NA,NA
I01-11015-3,2022-07-21,None - Flow Infiltrates or Outfall is Dry,Dry,Unknown,,0,0,LAGUNABEACH,FALSE,{DB9C2669-FA77-4FA1-A76C-F2D11E0410E4},0,MY2021-22,0,0,NA,NA,NA,NA,NA,NA,NA,NA,NA,NA,NA,NA
I01-11015-3,2022-09-01,None - Flow Infiltrates or Outfall is Dry,Dry,Unknown,,0,0,LAGUNABEACH,FALSE,{DB9C2669-FA77-4FA1-A76C-F2D11E0410E4},0,MY2021-22,0,0,NA,NA,NA,NA,NA,NA,NA,NA,NA,NA,NA,NA
I01-11023-2,2022-07-21,None - Flow Infiltrates or Outfall is Dry,Dry,Unknown,,0,0,LAGUNABEACH,FALSE,{038D9EF3-E345-4A2B-A2E8-4C86B0814F1F},0,MY2021-22,0,0,NA,NA,NA,NA,NA,NA,NA,NA,NA,NA,NA,NA
I01-11023-2,2022-09-01,None - Flow Infiltrates or Outfall is Dry,Dry,Unknown,,0,0,LAGUNABEACH,FALSE,{038D9EF3-E345-4A2B-A2E8-4C86B0814F1F},0,MY2021-22,0,0,NA,NA,NA,NA,NA,NA,NA,NA,NA,NA,NA,NA
I01-11023-3,2022-07-21,None - Flow Infiltrates or Outfall is Dry,Dry,Unknown,,0,0,LAGUNABEACH,FALSE,{B1E7A48B-1DC2-43B1-BE7B-17B6936EF467},0,MY2021-22,0,0,NA,NA,NA,NA,NA,NA,NA,NA,NA,NA,NA,NA
I01-11023-3,2022-09-01,None - Flow Infiltrates or Outfall is Dry,Dry,Unknown,,0,0,LAGUNABEACH,FALSE,{B1E7A48B-1DC2-43B1-BE7B-17B6936EF467},0,MY2021-22,0,0,NA,NA,NA,NA,NA,NA,NA,NA,NA,NA,NA,NA
I01-11023-4,2022-07-21,None - Flow Infiltrates or Outfall is Dry,Dry,Unknown,,0,0,LAGUNABEACH,FALSE,{4299039A-0613-47FF-B808-7CF8CD065E00},0,MY2021-22,0,0,NA,NA,NA,NA,NA,NA,NA,NA,NA,NA,NA,NA
I01-11023-4,2022-09-01,None - Flow Infiltrates or Outfall is Dry,Dry,Unknown,,0,0,LAGUNABEACH,FALSE,{4299039A-0613-47FF-B808-7CF8CD065E00},0,MY2021-22,0,0,NA,NA,NA,NA,NA,NA,NA,NA,NA,NA,NA,NA
I01-11023-5,2022-07-21,None - Flow Infiltrates or Outfall is Dry,Dry,Unknown,,0,0,LAGUNABEACH,FALSE,{37C6F748-E62C-4DCD-89A7-0CB6EFB76B47},0,MY2021-22,0,0,NA,NA,NA,NA,NA,NA,NA,NA,NA,NA,NA,NA
I01-11023-5,2022-09-01,None - Flow Infiltrates or Outfall is Dry,Dry,Unknown,,0,0,LAGUNABEACH,FALSE,{37C6F748-E62C-4DCD-89A7-0CB6EFB76B47},0,MY2021-22,0,0,NA,NA,NA,NA,NA,NA,NA,NA,NA,NA,NA,NA
I01-11059-1,2022-07-21,None - Flow Infiltrates or Outfall is Dry,Dry,Unknown,,0,0,LAGUNABEACH,FALSE,{C71E52F8-AC08-4469-BA89-8E02697C744D},0,MY2021-22,0,0,NA,NA,NA,NA,NA,NA,NA,NA,NA,NA,NA,NA
I01-11059-1,2022-09-01,None - Flow Infiltrates or Outfall is Dry,Dry,Unknown,,0,0,LAGUNABEACH,FALSE,{C71E52F8-AC08-4469-BA89-8E02697C744D},0,MY2021-22,0,0,NA,NA,NA,NA,NA,NA,NA,NA,NA,NA,NA,NA
I01-11059-2,2022-07-21,None - Flow Infiltrates or Outfall is Dry,Dry,Unknown,,0,0,LAGUNABEACH,FALSE,{8A75D24A-9302-4837-9C8D-5CEE11DCAB92},0,MY2021-22,0,0,NA,NA,NA,NA,NA,NA,NA,NA,NA,NA,NA,NA
I01-11059-2,2022-09-01,None - Flow Infiltrates or Outfall is Dry,Dry,Unknown,,0,0,LAGUNABEACH,FALSE,{8A75D24A-9302-4837-9C8D-5CEE11DCAB92},0,MY2021-22,0,0,NA,NA,NA,NA,NA,NA,NA,NA,NA,NA,NA,NA
I01-11059-3,2022-07-21,None - Flow Infiltrates or Outfall is Dry,Dry,Unknown,,0,0,LAGUNABEACH,FALSE,{DB859266-5BF1-4E9B-91AB-9674CD92B469},0,MY2021-22,0,0,NA,NA,NA,NA,NA,NA,NA,NA,NA,NA,NA,NA
I01-11059-3,2022-09-01,None - Flow Infiltrates or Outfall is Dry,Dry,Unknown,,0,0,LAGUNABEACH,FALSE,{DB859266-5BF1-4E9B-91AB-9674CD92B469},0,MY2021-22,0,0,NA,NA,NA,NA,NA,NA,NA,NA,NA,NA,NA,NA
I01-11065-1,2022-07-21,None - Flow Infiltrates or Outfall is Dry,Dry,Unknown,,0,0,LAGUNABEACH,FALSE,{343D946F-618A-4C8F-BECA-AAD6427C9CAA},0,MY2021-22,0,0,NA,NA,NA,NA,NA,NA,NA,NA,NA,NA,NA,NA
I01-11065-1,2022-09-01,None - Flow Infiltrates or Outfall is Dry,Dry,Unknown,,0,0,LAGUNABEACH,FALSE,{343D946F-618A-4C8F-BECA-AAD6427C9CAA},0,MY2021-22,0,0,NA,NA,NA,NA,NA,NA,NA,NA,NA,NA,NA,NA
I01-11077-1,2022-07-21,None - Flow Infiltrates or Outfall is Dry,Dry,Unknown,,0,0,LAGUNABEACH,FALSE,{ED3BCD26-6F4E-4AE2-9C8B-80EDA743C061},0,MY2021-22,0,0,NA,NA,NA,NA,NA,NA,NA,NA,NA,NA,NA,NA
I01-11077-1,2022-09-01,None - Flow Infiltrates or Outfall is Dry,Dry,Unknown,,0,0,LAGUNABEACH,FALSE,{ED3BCD26-6F4E-4AE2-9C8B-80EDA743C061},0,MY2021-22,0,0,NA,NA,NA,NA,NA,NA,NA,NA,NA,NA,NA,NA
I01-11077-2,2022-07-21,None - Flow Infiltrates or Outfall is Dry,Dry,Unknown,,0,0,LAGUNABEACH,FALSE,{B9DC0E18-53B8-47A3-A9E6-B022A6119F8C},0,MY2021-22,0,0,NA,NA,NA,NA,NA,NA,NA,NA,NA,NA,NA,NA
I01-11077-2,2022-09-01,None - Flow Infiltrates or Outfall is Dry,Dry,Unknown,,0,0,LAGUNABEACH,FALSE,{B9DC0E18-53B8-47A3-A9E6-B022A6119F8C},0,MY2021-22,0,0,NA,NA,NA,NA,NA,NA,NA,NA,NA,NA,NA,NA
I01-11093-1,2022-07-21,None - Flow Infiltrates or Outfall is Dry,Dry,Unknown,,0,0,LAGUNABEACH,FALSE,{A6CD0460-3E4D-434A-8EED-4ABA7D87A2EB},0,MY2021-22,0,0,NA,NA,NA,NA,NA,NA,NA,NA,NA,NA,NA,NA
I01-11093-1,2022-09-01,None - Flow Infiltrates or Outfall is Dry,Dry,Unknown,,0,0,LAGUNABEACH,FALSE,{A6CD0460-3E4D-434A-8EED-4ABA7D87A2EB},0,MY2021-22,0,0,NA,NA,NA,NA,NA,NA,NA,NA,NA,NA,NA,NA
I01-11093-2,2022-07-21,None - Flow Infiltrates or Outfall is Dry,Dry,Unknown,,0,0,LAGUNABEACH,FALSE,{50B8F0F5-D3AB-43AA-9466-0350D018EEA8},0,MY2021-22,0,0,NA,NA,NA,NA,NA,NA,NA,NA,NA,NA,NA,NA
I01-11093-2,2022-09-01,None - Flow Infiltrates or Outfall is Dry,Dry,Unknown,,0,0,LAGUNABEACH,FALSE,{50B8F0F5-D3AB-43AA-9466-0350D018EEA8},0,MY2021-22,0,0,NA,NA,NA,NA,NA,NA,NA,NA,NA,NA,NA,NA
I01-11217-1,2022-06-28,None - Flow Infiltrates or Outfall is Dry,Dry,Unknown,,0,0,ELTORO,FALSE,{6731B5BE-BAEC-490D-90D1-2CBFABE191C3},0,MY2021-22,0,0,NA,NA,NA,NA,NA,NA,NA,NA,NA,NA,NA,NA
I01-11343-2 (I02P18),2022-06-14,Undetermined,Flowing,Yes,Yes,0.003794,NA,ELTORO,FALSE,{9A50D575-FFD5-41A9-B523-61D9221779CD},0.003794,MY2021-22,0.0026178599999999996,226.18310399999996,NA,NA,NA,NA,NA,NA,NA,NA,NA,NA,NA,NA
I01-11343-2 (I02P18),2022-08-23,Undetermined,Flowing,Yes,Yes,NA,0,ELTORO,FALSE,{9A50D575-FFD5-41A9-B523-61D9221779CD},0,MY2021-22,0,0,NA,NA,NA,NA,NA,NA,NA,NA,NA,NA,NA,NA
J01-10004-1 (J01P01),2022-06-21,Direct Connection,Flowing,Yes,Yes,0.12916650000000002,NA,ELTORO,FALSE,{2B86E2C7-7931-456A-BDF6-8E5B829C36D2},0.12916650000000002,MY2021-22,0.089124885,7700.390064000001,NA,NA,NA,NA,NA,NA,0.084,NA,NA,NA,NA,7257.5999999999995
J01-10004-1 (J01P01),2022-06-30,Direct Connection,Flowing,Yes,Yes,0.13245,0.026,ELTORO,FALSE,{2B86E2C7-7931-456A-BDF6-8E5B829C36D2},0.079225,MY2021-22,0.05466525,4723.0776,NA,NA,NA,NA,NA,NA,0.084,NA,NA,NA,NA,7257.5999999999995
J01-10004-1 (J01P01),2022-08-18,Direct Connection,Pooled or Ponded,Yes,Yes,0.113333,NA,ELTORO,FALSE,{2B86E2C7-7931-456A-BDF6-8E5B829C36D2},0.113333,MY2021-22,0.07819977,6756.460128000001,NA,NA,NA,NA,NA,NA,0.084,NA,NA,NA,NA,7257.5999999999995
J01-10017-1 (J01TBN4),2022-06-28,None - Flow Infiltrates or Outfall is Dry,Flowing,Yes,,0.005,0.004,SULPHURCREEK,FALSE,{3A09A49C-9DAA-4A66-898F-7D6115463F96},0.0045000000000000005,MY2021-22,0.003105,268.27200000000005,NA,NA,NA,NA,NA,NA,0.001,NA,NA,NA,NA,86.39999999999999
J01-10017-1 (J01TBN4),2022-07-13,Direct Connection,Flowing,Yes,,0.0090545,0.002,SULPHURCREEK,FALSE,{3A09A49C-9DAA-4A66-898F-7D6115463F96},0.00552725,MY2021-22,0.0038138024999999996,329.51253599999995,NA,NA,NA,NA,NA,NA,0.001,NA,NA,NA,NA,86.39999999999999
J01-10019-1 (J01P33),2022-07-13,Direct Connection,Flowing,Yes,,0.0028975,0,SULPHURCREEK,FALSE,{65AB7468-482A-4869-8212-F73F5CC03224},0.00144875,MY2021-22,9.996374999999998e-4,86.36867999999998,NA,NA,NA,NA,NA,NA,0.017,NA,NA,NA,NA,1468.8000000000002
J01-10019-1 (J01P33),2022-09-14,Undetermined,Flowing,Yes,,0.0096,NA,SULPHURCREEK,FALSE,{65AB7468-482A-4869-8212-F73F5CC03224},0.0096,MY2021-22,0.006623999999999999,572.3136,NA,NA,NA,NA,NA,NA,0.017,NA,NA,NA,NA,1468.8000000000002
J01-9005-1 (J03P05),2022-07-08,Direct Connection,Flowing,Yes,,0.020985499999999997,0.167,SULPHURCREEK,FALSE,{BEADF14B-536C-491F-AF1C-E6C6959F66BD},0.09399275,MY2021-22,0.0648549975,5603.471783999999,NA,NA,NA,NA,NA,NA,0.012,NA,NA,NA,NA,1036.8
J01-9007-1 (J02P05),2022-06-23,Undetermined,Flowing,Yes,Yes,0.056999999999999995,0.025,SULPHURCREEK,FALSE,{6367FF6D-1FC8-4E27-B1F3-A8005D44345E},0.040999999999999995,MY2021-22,0.028289999999999996,2444.256,NA,NA,NA,NA,NA,NA,0.032,NA,NA,NA,NA,2764.7999999999997
J01-9007-1 (J02P05),2022-07-13,Unsafe to Access,Flowing,Yes,Yes,0.07,0.022,SULPHURCREEK,FALSE,{6367FF6D-1FC8-4E27-B1F3-A8005D44345E},0.046,MY2021-22,0.03174,2742.336,NA,NA,NA,NA,NA,NA,0.032,NA,NA,NA,NA,2764.7999999999997
J01-9007-1 (J02P05),2022-09-08,Undetermined,Flowing,Yes,Yes,NA,0.053,SULPHURCREEK,FALSE,{6367FF6D-1FC8-4E27-B1F3-A8005D44345E},0.053,MY2021-22,0.03657,3159.6479999999997,NA,NA,NA,NA,NA,NA,0.032,NA,NA,NA,NA,2764.7999999999997
J01-9008-1 (J01P30),2022-06-28,Direct Connection,Flowing,Yes,,NA,0.007,SULPHURCREEK,FALSE,{87FF3E7F-0CD3-43AB-8A99-DD46A197D6A4},0.007,MY2021-22,0.00483,417.312,NA,NA,NA,NA,NA,NA,0.051,NA,NA,NA,NA,4406.4
J01-9008-1 (J01P30),2022-07-01,Direct Connection,Flowing,Yes,,0.089753,0.013,SULPHURCREEK,FALSE,{87FF3E7F-0CD3-43AB-8A99-DD46A197D6A4},0.0513765,MY2021-22,0.035449785,3062.8614239999997,NA,NA,NA,NA,NA,NA,0.051,NA,NA,NA,NA,4406.4
J01-9040-1,2022-04-07,Direct Connection,Flowing,Yes,,0.48125,NA,TUCKER,FALSE,{7E5CB88D-6665-452A-804A-655CBEAB830F},0.48125,MY2021-22,0.3320625,28690.199999999997,NA,NA,NA,NA,NA,NA,NA,NA,NA,NA,NA,NA
J01-9040-1,2022-05-12,Direct Connection,Flowing,Yes,,0.867895,NA,TUCKER,FALSE,{7E5CB88D-6665-452A-804A-655CBEAB830F},0.867895,MY2021-22,0.5988475499999999,51740.42831999999,NA,NA,NA,NA,NA,NA,NA,NA,NA,NA,NA,NA
J01-9046-1,2022-06-30,None - Flow Infiltrates or Outfall is Dry,Dry,Unknown,,0,0,ELTORO,FALSE,{7B37BD5E-90A3-4DC7-8721-402EFF48BB71},0,MY2021-22,0,0,NA,NA,NA,NA,NA,NA,0.002,NA,NA,NA,NA,172.79999999999998
J01-9046-1,2022-08-18,Direct Connection,Flowing,Unknown,,0.0082,NA,ELTORO,FALSE,{7B37BD5E-90A3-4DC7-8721-402EFF48BB71},0.0082,MY2021-22,0.005658,488.8512,NA,NA,NA,NA,NA,NA,0.002,NA,NA,NA,NA,172.79999999999998
J01-9046-2,2022-06-30,Direct Connection,Flowing,Yes,,0.0040535,0,ELTORO,FALSE,{2E617AF1-4DE3-4D23-81BF-39FAD4E9D040},0.00202675,MY2021-22,0.0013984574999999998,120.826728,NA,NA,NA,NA,NA,NA,0.006,NA,NA,NA,NA,518.4
J01-9066-1 (J01P04),2022-06-21,Direct Connection,Flowing,Yes,,0.0037784999999999997,0.001,ELTORO,FALSE,{44FB9709-D45F-44FA-A0BF-A0B51C5584F8},0.00238925,MY2021-22,0.0016485824999999997,142.437528,NA,NA,NA,NA,NA,NA,0.001,NA,NA,NA,NA,86.39999999999999
J01-9066-1 (J01P04),2022-07-01,Direct Connection,Flowing,Yes,,9.75e-5,0,ELTORO,FALSE,{44FB9709-D45F-44FA-A0BF-A0B51C5584F8},4.875e-5,MY2021-22,3.36375e-5,2.90628,NA,NA,NA,NA,NA,NA,0.001,NA,NA,NA,NA,86.39999999999999
J01-9066-1 (J01P04),2022-08-09,Direct Connection,Flowing,Yes,,NA,0.007,ELTORO,FALSE,{44FB9709-D45F-44FA-A0BF-A0B51C5584F8},0.007,MY2021-22,0.00483,417.312,NA,NA,NA,NA,NA,NA,0.001,NA,NA,NA,NA,86.39999999999999
J01-9066-2 (J01P03),2022-07-01,Direct Connection,Flowing,Yes,,NA,0.002,ELTORO,FALSE,{F7A1B2B3-02A7-4B84-A84B-A6BA19C83F0B},0.002,MY2021-22,0.00138,119.232,NA,NA,NA,NA,NA,NA,0.1985,NA,NA,NA,NA,17150.4
J01-9066-2 (J01P03),2022-08-09,Direct Connection,Flowing,Yes,,NA,0.015,ELTORO,FALSE,{F7A1B2B3-02A7-4B84-A84B-A6BA19C83F0B},0.015,MY2021-22,0.010349999999999998,894.2399999999998,NA,NA,NA,NA,NA,NA,0.1985,NA,NA,NA,NA,17150.4
J01-9082-2,2022-06-23,Direct Connection,Flowing,Yes,Yes,0.1,NA,SULPHURCREEK,FALSE,{D7F5B54C-C817-44EE-AD28-FD7E7AE69350},0.1,MY2021-22,0.06899999999999999,5961.5999999999995,NA,NA,NA,NA,NA,NA,0.033,NA,NA,NA,NA,2851.2
J01-9082-2,2022-07-13,Direct Connection,Flowing,Yes,Yes,0.0720715,0.013,SULPHURCREEK,FALSE,{D7F5B54C-C817-44EE-AD28-FD7E7AE69350},0.04253575,MY2021-22,0.029349667499999996,2535.8112719999995,NA,NA,NA,NA,NA,NA,0.033,NA,NA,NA,NA,2851.2
J01-9082-2,2022-08-22,Direct Connection,Flowing,Yes,Yes,NA,0.032,SULPHURCREEK,FALSE,{D7F5B54C-C817-44EE-AD28-FD7E7AE69350},0.032,MY2021-22,0.02208,1907.712,NA,NA,NA,NA,NA,NA,0.033,NA,NA,NA,NA,2851.2
J01-9082-3,2022-06-23,None - Flow Infiltrates or Outfall is Dry,Dry,Unknown,,0,0,SULPHURCREEK,FALSE,{D57375B8-DA33-4EBF-B4C6-11FF1DA7BC5E},0,MY2021-22,0,0,NA,NA,NA,NA,NA,NA,0.001,NA,NA,NA,NA,86.39999999999999
J01-9082-3,2022-07-13,None - Flow Infiltrates or Outfall is Dry,Dry,Unknown,,0,0,SULPHURCREEK,FALSE,{D57375B8-DA33-4EBF-B4C6-11FF1DA7BC5E},0,MY2021-22,0,0,NA,NA,NA,NA,NA,NA,0.001,NA,NA,NA,NA,86.39999999999999
J01-9082-3,2022-08-22,None - Flow Infiltrates or Outfall is Dry,Dry,Unknown,,0,0,SULPHURCREEK,FALSE,{D57375B8-DA33-4EBF-B4C6-11FF1DA7BC5E},0,MY2021-22,0,0,NA,NA,NA,NA,NA,NA,0.001,NA,NA,NA,NA,86.39999999999999
J01-9082-4,2022-06-23,Direct Connection,Flowing,Yes,,0.0144,NA,SULPHURCREEK,FALSE,{AFB6CBDA-AC92-4821-99CD-EDC47B411745},0.0144,MY2021-22,0.009935999999999999,858.4703999999999,NA,NA,NA,NA,NA,NA,0.016,NA,NA,NA,NA,1382.3999999999999
J01-9082-4,2022-07-13,Direct Connection,Flowing,Yes,,0.005,0,SULPHURCREEK,FALSE,{AFB6CBDA-AC92-4821-99CD-EDC47B411745},0.0025,MY2021-22,0.001725,149.04,NA,NA,NA,NA,NA,NA,0.016,NA,NA,NA,NA,1382.3999999999999
J01-9082-4,2022-08-22,Direct Connection,Flowing,Yes,,NA,0.013,SULPHURCREEK,FALSE,{AFB6CBDA-AC92-4821-99CD-EDC47B411745},0.013,MY2021-22,0.008969999999999999,775.0079999999998,NA,NA,NA,NA,NA,NA,0.016,NA,NA,NA,NA,1382.3999999999999
J01-9131-1 (J01P28),2022-06-23,Direct Connection,Flowing,Unknown,Yes,0.03,NA,SULPHURCREEK,FALSE,{3F8450D4-0881-4A9D-829A-4B4707912F53},0.03,MY2021-22,0.020699999999999996,1788.4799999999996,NA,NA,NA,NA,NA,NA,0.016,NA,NA,NA,NA,1382.3999999999999
J01-9131-1 (J01P28),2022-07-01,None - Flow Infiltrates or Outfall is Dry,Dry,Unknown,Yes,0,0,SULPHURCREEK,FALSE,{3F8450D4-0881-4A9D-829A-4B4707912F53},0,MY2021-22,0,0,NA,NA,NA,NA,NA,NA,0.016,NA,NA,NA,NA,1382.3999999999999
J01-9131-1 (J01P28),2022-09-08,Direct Connection,Flowing,Unknown,Yes,NA,0.011,SULPHURCREEK,FALSE,{3F8450D4-0881-4A9D-829A-4B4707912F53},0.011,MY2021-22,0.007589999999999999,655.7759999999998,NA,NA,NA,NA,NA,NA,0.016,NA,NA,NA,NA,1382.3999999999999
J01-9144-1 (J01P23),2022-06-28,Direct Connection,Flowing,Yes,,2.85e-4,0.001,SULPHURCREEK,FALSE,{61303168-3951-41A3-9F99-5A1FBF0706F7},6.425000000000001e-4,MY2021-22,4.43325e-4,38.30328,NA,NA,NA,NA,NA,NA,0.005,NA,NA,NA,NA,432
J01-9144-1 (J01P23),2022-07-13,Direct Connection,Flowing,Yes,,NA,0,SULPHURCREEK,FALSE,{61303168-3951-41A3-9F99-5A1FBF0706F7},0,MY2021-22,0,0,NA,NA,NA,NA,NA,NA,0.005,NA,NA,NA,NA,432
J01-9224-1 (J01P24),2022-06-15,Direct Connection,Flowing,Yes,Yes,0.010916499999999999,NA,SULPHURCREEK,FALSE,{0066DC99-7D9F-42BE-ABDB-C06A68E52A0F},0.010916499999999999,MY2021-22,0.007532384999999999,650.7980639999998,NA,NA,NA,NA,NA,NA,0.005,NA,NA,NA,NA,432
J01-9224-1 (J01P24),2022-08-18,Direct Connection,Flowing,Yes,Yes,0.0165,NA,SULPHURCREEK,FALSE,{0066DC99-7D9F-42BE-ABDB-C06A68E52A0F},0.0165,MY2021-22,0.011385,983.664,NA,NA,NA,NA,NA,NA,0.005,NA,NA,NA,NA,432
J01-9224-2 (J01P25),2022-08-18,Direct Connection,Flowing,Yes,Yes,NA,0.019,SULPHURCREEK,FALSE,{7BFD7882-593A-4F10-AAF7-CC4B57726763},0.019,MY2021-22,0.013109999999999998,1132.7039999999997,NA,NA,NA,NA,NA,NA,NA,NA,NA,NA,NA,NA
J01-9259-3,2022-08-09,None - Flow Infiltrates or Outfall is Dry,,Yes,,0.013396,NA,ELTORO,FALSE,{E9D08FC2-7F70-4A86-8EF6-2A8BE2A5E6F4},0.013396,MY2021-22,0.00924324,798.6159360000001,NA,NA,NA,NA,NA,NA,NA,NA,NA,NA,NA,NA
J01-9275-2,2022-06-21,None - Flow Infiltrates or Outfall is Dry,Dry,Unknown,,0,0,ELTORO,FALSE,{8DD9934B-1D0A-4A08-9886-1E1C2EF93E40},0,MY2021-22,0,0,NA,NA,NA,NA,NA,NA,NA,NA,NA,NA,NA,NA
J01-9275-2,2022-09-01,None - Flow Infiltrates or Outfall is Dry,Dry,Unknown,,0,0,ELTORO,FALSE,{8DD9934B-1D0A-4A08-9886-1E1C2EF93E40},0,MY2021-22,0,0,NA,NA,NA,NA,NA,NA,NA,NA,NA,NA,NA,NA
J01-9349-1,2022-06-30,None - Flow Infiltrates or Outfall is Dry,Dry,Unknown,Yes,0,0,ELTORO,FALSE,{0C4B2C1F-221A-4822-9ED8-4F1AF591803F},0,MY2021-22,0,0,NA,NA,NA,NA,NA,NA,NA,NA,NA,NA,NA,NA
J01-9364-4,2022-06-28,None - Flow Infiltrates or Outfall is Dry,Dry,Unknown,,0,0,SULPHURCREEK,FALSE,{51AB1EDB-AED9-40F1-83A8-6391511D250C},0,MY2021-22,0,0,NA,NA,NA,NA,NA,NA,NA,NA,NA,NA,NA,NA
J01-9364-4,2022-08-29,None - Flow Infiltrates or Outfall is Dry,Dry,Unknown,,0,0,SULPHURCREEK,FALSE,{51AB1EDB-AED9-40F1-83A8-6391511D250C},0,MY2021-22,0,0,NA,NA,NA,NA,NA,NA,NA,NA,NA,NA,NA,NA
J01-9377-1,2022-06-30,None - Flow Infiltrates or Outfall is Dry,Dry,Unknown,Yes,0,0,ELTORO,FALSE,{3B4E9F27-523C-4F6B-A986-26E060B631EF},0,MY2021-22,0,0,NA,NA,NA,NA,NA,NA,0.007,NA,NA,NA,NA,604.8
J01-9377-1,2022-08-18,Direct Connection,,Unknown,Yes,0.001,NA,ELTORO,FALSE,{3B4E9F27-523C-4F6B-A986-26E060B631EF},0.001,MY2021-22,6.9e-4,59.616,NA,NA,NA,NA,NA,NA,0.007,NA,NA,NA,NA,604.8
J01-9377-2 (J01TBN8),2022-06-21,None - Flow Infiltrates or Outfall is Dry,Dry,Unknown,,0,0,ELTORO,FALSE,{0F35296A-ECE2-4C19-BD75-E6442A50F57C},0,MY2021-22,0,0,NA,NA,NA,NA,NA,NA,NA,NA,NA,NA,NA,NA
J01-9377-2 (J01TBN8),2022-09-01,None - Flow Infiltrates or Outfall is Dry,Dry,Unknown,,0,0,ELTORO,FALSE,{0F35296A-ECE2-4C19-BD75-E6442A50F57C},0,MY2021-22,0,0,NA,NA,NA,NA,NA,NA,NA,NA,NA,NA,NA,NA
J01-9782-1 (J01TBN3),2022-08-18,Direct Connection,Flowing,Unknown,,0.004835,NA,ELTORO,FALSE,{91E48869-6AD5-41B7-8A9B-640ED2238B02},0.004835,MY2021-22,0.0033361499999999995,288.24336,NA,NA,NA,NA,NA,NA,NA,NA,NA,NA,NA,NA
J01-9785-1,2022-08-01,Direct Connection,Flowing,Yes,,0.004583,NA,ELTORO,FALSE,{91338D15-19F3-4699-83FA-4C17B2C07214},0.004583,MY2021-22,0.00316227,273.220128,NA,NA,NA,NA,NA,NA,NA,NA,NA,NA,NA,NA
J01-9992-1 (J01P27),2022-06-23,Direct Connection,Flowing,Yes,Yes,0.039616,NA,SULPHURCREEK,FALSE,{DE6D1FF7-E755-41CE-9C57-7D26DD867CD5},0.039616,MY2021-22,0.027335039999999998,2361.747456,NA,NA,NA,NA,NA,NA,0.009,NA,NA,NA,NA,777.5999999999999
J01-9992-1 (J01P27),2022-07-01,Direct Connection,Flowing,Yes,Yes,0.025625,0.037,SULPHURCREEK,FALSE,{DE6D1FF7-E755-41CE-9C57-7D26DD867CD5},0.0313125,MY2021-22,0.021605625,1866.7259999999999,NA,NA,NA,NA,NA,NA,0.009,NA,NA,NA,NA,777.5999999999999
J01-9992-1 (J01P27),2022-09-08,Direct Connection,Flowing,Yes,Yes,NA,0.025,SULPHURCREEK,FALSE,{DE6D1FF7-E755-41CE-9C57-7D26DD867CD5},0.025,MY2021-22,0.017249999999999998,1490.3999999999999,NA,NA,NA,NA,NA,NA,0.009,NA,NA,NA,NA,777.5999999999999
J03-9215-3,2022-06-23,Direct Connection,Flowing,Yes,,0.010218,NA,SULPHURCREEK,FALSE,{096C0676-4771-492B-BAA6-AA39CD7F88A8},0.010218,MY2021-22,0.007050419999999999,609.1562879999999,NA,NA,NA,NA,NA,NA,0.043,NA,NA,NA,NA,3715.2
J03-9215-3,2022-07-08,Direct Connection,Flowing,Yes,,0.0178235,0.238,SULPHURCREEK,FALSE,{096C0676-4771-492B-BAA6-AA39CD7F88A8},0.12791175,MY2021-22,0.08825910749999999,7625.586888,NA,NA,NA,NA,NA,NA,0.043,NA,NA,NA,NA,3715.2
J03-9215-3,2022-08-04,Direct Connection,Flowing,Yes,,0.0259965,0.008,SULPHURCREEK,FALSE,{096C0676-4771-492B-BAA6-AA39CD7F88A8},0.01699825,MY2021-22,0.011728792499999998,1013.3676719999999,NA,NA,NA,NA,NA,NA,0.043,NA,NA,NA,NA,3715.2
J03-9216-2,2022-08-04,Partial - Significant Distance,Flowing,Yes,,2.93494,NA,SULPHURCREEK,FALSE,{BDBAD671-CCD0-47D1-B121-7ED3242CBA94},2.93494,MY2021-22,2.0251086,174969.38304,NA,NA,NA,NA,NA,NA,NA,NA,NA,NA,NA,NA
J03-9216-2,2022-08-08,Partial - Significant Distance,Flowing,Yes,,0.4,NA,SULPHURCREEK,FALSE,{BDBAD671-CCD0-47D1-B121-7ED3242CBA94},0.4,MY2021-22,0.27599999999999997,23846.399999999998,NA,NA,NA,NA,NA,NA,NA,NA,NA,NA,NA,NA
J03-9221-1 (J03P02),2022-06-15,Undetermined,Flowing,Yes,Yes,NA,0.049,SULPHURCREEK,FALSE,{B349E3D1-F18C-44B9-A54D-9A854691EE96},0.049,MY2021-22,0.03381,2921.1839999999997,NA,NA,NA,NA,NA,NA,NA,NA,NA,NA,NA,NA
J03-9221-1 (J03P02),2022-07-08,Unsafe to Access,Flowing,Yes,Yes,0.09042800000000001,0.708,SULPHURCREEK,FALSE,{B349E3D1-F18C-44B9-A54D-9A854691EE96},0.39921399999999996,MY2021-22,0.27545765999999994,23799.541823999996,NA,NA,NA,NA,NA,NA,NA,NA,NA,NA,NA,NA
J03-9221-1 (J03P02),2022-08-18,Undetermined,Flowing,Yes,Yes,NA,0.03,SULPHURCREEK,FALSE,{B349E3D1-F18C-44B9-A54D-9A854691EE96},0.03,MY2021-22,0.020699999999999996,1788.4799999999996,NA,NA,NA,NA,NA,NA,NA,NA,NA,NA,NA,NA
J03-9234-6,2022-07-06,Partial - Significant Distance,Flowing,Yes,,0.07619,NA,SULPHURCREEK,FALSE,{7C898AE5-6408-40A7-9258-052F87B864B0},0.07619,MY2021-22,0.05257109999999999,4542.143039999999,NA,NA,NA,NA,NA,NA,0.032,NA,NA,NA,NA,2764.7999999999997
J03-9234-6,2022-07-08,Partial - Significant Distance,Flowing,Yes,,0.1254,0.16,SULPHURCREEK,FALSE,{7C898AE5-6408-40A7-9258-052F87B864B0},0.1427,MY2021-22,0.09846299999999998,8507.203199999998,NA,NA,NA,NA,NA,NA,0.032,NA,NA,NA,NA,2764.7999999999997
J03-9234-6,2022-08-31,Partial - Significant Distance,Flowing,Yes,,NA,0.034,SULPHURCREEK,FALSE,{7C898AE5-6408-40A7-9258-052F87B864B0},0.034,MY2021-22,0.023459999999999998,2026.944,NA,NA,NA,NA,NA,NA,0.032,NA,NA,NA,NA,2764.7999999999997
J03-9234-8,2022-08-31,Partial - Significant Distance,Flowing,Yes,,0.748276,NA,SULPHURCREEK,FALSE,{8BA658D6-F310-40D7-B7B1-E1E606ACD5A0},0.748276,MY2021-22,0.51631044,44609.22201600001,NA,NA,NA,NA,NA,NA,NA,NA,NA,NA,NA,NA
J03-9368-1 (J03TBN1),2022-06-23,Direct Connection,Flowing,Yes,,0.003822,NA,SULPHURCREEK,FALSE,{AAC8234A-5800-4230-971C-633C406E3E23},0.003822,MY2021-22,0.00263718,227.85235199999994,NA,NA,NA,NA,NA,NA,0,NA,NA,NA,NA,0
J03-9368-1 (J03TBN1),2022-07-08,Direct Connection,Flowing,Yes,,8.705e-4,0.883,SULPHURCREEK,FALSE,{AAC8234A-5800-4230-971C-633C406E3E23},0.44193525,MY2021-22,0.3049353225,26346.411863999994,NA,NA,NA,NA,NA,NA,0,NA,NA,NA,NA,0
J03-9368-1 (J03TBN1),2022-08-04,Direct Connection,Flowing,Yes,,0.0050425,NA,SULPHURCREEK,FALSE,{AAC8234A-5800-4230-971C-633C406E3E23},0.0050425,MY2021-22,0.0034793249999999997,300.61367999999993,NA,NA,NA,NA,NA,NA,0,NA,NA,NA,NA,0
J03-9368-2 (J03TBN2),2022-06-23,Direct Connection,Flowing,Yes,,NA,0.004,SULPHURCREEK,FALSE,{1C987AEE-54C0-42B5-B602-B59EEAD42C2F},0.004,MY2021-22,0.00276,238.464,NA,NA,NA,NA,NA,NA,NA,NA,NA,NA,NA,NA
J03-9368-2 (J03TBN2),2022-07-08,Direct Connection,Flowing,Yes,,0.006761,0.005,SULPHURCREEK,FALSE,{1C987AEE-54C0-42B5-B602-B59EEAD42C2F},0.0058805,MY2021-22,0.004057545,350.57188799999994,NA,NA,NA,NA,NA,NA,NA,NA,NA,NA,NA,NA
J03-9368-2 (J03TBN2),2022-08-04,Direct Connection,Flowing,Yes,,NA,0.004,SULPHURCREEK,FALSE,{1C987AEE-54C0-42B5-B602-B59EEAD42C2F},0.004,MY2021-22,0.00276,238.464,NA,NA,NA,NA,NA,NA,NA,NA,NA,NA,NA,NA
J05-9271-6,2022-09-21,None - Flow Infiltrates or Outfall is Dry,Dry,Unknown,,0,0,SULPHURCREEK,FALSE,{9F5547EB-7FE3-461F-9EBD-E58B4219028B},0,MY2021-22,0,0,NA,NA,NA,NA,NA,NA,NA,NA,NA,NA,NA,NA
J05-9800-2,2022-07-01,None - Flow Infiltrates or Outfall is Dry,Dry,Unknown,,0,0,ELTORO,FALSE,{B447E738-FF4A-4052-83BC-409EFD00CC89},0,MY2021-22,0,0,NA,NA,NA,NA,NA,NA,NA,NA,NA,NA,NA,NA
J05-9800-2,2022-09-21,None - Flow Infiltrates or Outfall is Dry,Dry,Unknown,,0,0,ELTORO,FALSE,{B447E738-FF4A-4052-83BC-409EFD00CC89},0,MY2021-22,0,0,NA,NA,NA,NA,NA,NA,NA,NA,NA,NA,NA,NA
J06-10011-1 (J06P01),2022-06-23,Direct Connection,Flowing,Yes,Yes,0.509735,NA,ELTORO,FALSE,{7C52C879-6B87-4321-BC5A-53A3242DD1D9},0.509735,MY2021-22,0.35171715000000003,30388.361760000007,NA,NA,NA,NA,NA,NA,0.001,NA,NA,NA,NA,86.39999999999999
J06-10011-1 (J06P01),2022-07-13,Direct Connection,Flowing,Yes,Yes,0.487615,NA,ELTORO,FALSE,{7C52C879-6B87-4321-BC5A-53A3242DD1D9},0.487615,MY2021-22,0.33645435,29069.65584,NA,NA,NA,NA,NA,NA,0.001,NA,NA,NA,NA,86.39999999999999
J06-10011-1 (J06P01),2022-08-22,Direct Connection,Flowing,Yes,Yes,NA,0.064,ELTORO,FALSE,{7C52C879-6B87-4321-BC5A-53A3242DD1D9},0.064,MY2021-22,0.04416,3815.424,NA,NA,NA,NA,NA,NA,0.001,NA,NA,NA,NA,86.39999999999999
J06-9079-1 (J06P03),2022-06-23,Direct Connection,Flowing,Yes,Yes,0.096183,NA,ELTORO,FALSE,{53829E67-0A5F-46C8-B493-01AC3AA4C5CD},0.096183,MY2021-22,0.06636627,5734.045728,NA,NA,NA,NA,NA,NA,0.025,NA,NA,NA,NA,2160
J06-9079-1 (J06P03),2022-07-13,Direct Connection,Flowing,Yes,Yes,0.0485,0.019,ELTORO,FALSE,{53829E67-0A5F-46C8-B493-01AC3AA4C5CD},0.03375,MY2021-22,0.0232875,2012.04,NA,NA,NA,NA,NA,NA,0.025,NA,NA,NA,NA,2160
J06-9079-1 (J06P03),2022-08-22,Direct Connection,Flowing,Yes,Yes,NA,0.011,ELTORO,FALSE,{53829E67-0A5F-46C8-B493-01AC3AA4C5CD},0.011,MY2021-22,0.007589999999999999,655.7759999999998,NA,NA,NA,NA,NA,NA,0.025,NA,NA,NA,NA,2160
J07-9022-1,2022-08-09,Partial - Significant Distance,Flowing,Yes,,7.71e-4,NA,ELTORO,FALSE,{02D8D354-0554-49DF-972A-8BC374B3901B},7.71e-4,MY2021-22,5.3199e-4,45.963936000000004,NA,NA,NA,NA,NA,NA,NA,NA,NA,NA,NA,NA
J07-9022-6,2022-06-21,Partial - Significant Distance,Flowing,Yes,,0,NA,ELTORO,FALSE,{ED29B567-C00D-4966-8303-25068F8D1BA9},0,MY2021-22,0,0,NA,NA,NA,NA,NA,NA,NA,NA,NA,NA,NA,NA
J07-9022-6,2022-08-09,Partial - Significant Distance,Flowing,Yes,,0.001214,NA,ELTORO,FALSE,{ED29B567-C00D-4966-8303-25068F8D1BA9},0.001214,MY2021-22,8.376599999999999e-4,72.373824,NA,NA,NA,NA,NA,NA,NA,NA,NA,NA,NA,NA
J07-9109-4 (J07P02),2022-06-21,Partial - Significant Distance,Flowing,Yes,,0.0358295,0.007,ELTORO,FALSE,{D0C41BF9-0216-43F4-8129-6EAC01EF1A03},0.02141475,MY2021-22,0.0147761775,1276.661736,NA,NA,NA,NA,NA,NA,0.003,NA,NA,NA,NA,259.2
J07-9109-4 (J07P02),2022-06-30,Partial - Significant Distance,Flowing,Yes,,0.024,NA,ELTORO,FALSE,{D0C41BF9-0216-43F4-8129-6EAC01EF1A03},0.024,MY2021-22,0.01656,1430.7839999999999,NA,NA,NA,NA,NA,NA,0.003,NA,NA,NA,NA,259.2
J07-9109-4 (J07P02),2022-08-09,Partial - Significant Distance,Flowing,Yes,,NA,0.004,ELTORO,FALSE,{D0C41BF9-0216-43F4-8129-6EAC01EF1A03},0.004,MY2021-22,0.00276,238.464,NA,NA,NA,NA,NA,NA,0.003,NA,NA,NA,NA,259.2
J07-9110-1,2022-06-21,Partial - Significant Distance,Flowing,Yes,,NA,0.001,ELTORO,FALSE,{FF27122D-EC98-40FC-AE70-E4A3069DC586},0.001,MY2021-22,6.9e-4,59.616,NA,NA,NA,NA,NA,NA,NA,NA,NA,NA,NA,NA
J07-9110-2,2022-06-21,Direct Connection,Flowing,Yes,,0.002132,0.002,ELTORO,FALSE,{E0B5BFB0-FF67-482C-B2DA-0715F995C4FF},0.002066,MY2021-22,0.0014255399999999999,123.16665599999999,NA,NA,NA,NA,NA,NA,0.001,NA,NA,NA,NA,86.39999999999999
J07-9110-2,2022-06-30,Direct Connection,Flowing,Yes,,7.930000000000001e-4,0,ELTORO,FALSE,{E0B5BFB0-FF67-482C-B2DA-0715F995C4FF},3.9650000000000004e-4,MY2021-22,2.73585e-4,23.637744,NA,NA,NA,NA,NA,NA,0.001,NA,NA,NA,NA,86.39999999999999
J07-9110-3,2022-06-30,None - Flow Infiltrates or Outfall is Dry,Dry,Unknown,,0,0,ELTORO,FALSE,{07F87B16-7752-4E0E-8F95-EF62C174A7F6},0,MY2021-22,0,0,NA,NA,NA,NA,NA,NA,0,NA,NA,NA,NA,0
J07-9110-3,2022-08-09,Direct Connection,Flowing,Unknown,,NA,0.002,ELTORO,FALSE,{07F87B16-7752-4E0E-8F95-EF62C174A7F6},0.002,MY2021-22,0.00138,119.232,NA,NA,NA,NA,NA,NA,0,NA,NA,NA,NA,0
K01-12032-2 (K01P11),2022-07-06,Partial - Significant Distance,Flowing,Yes,,0.015248,NA,SULPHURCREEK,FALSE,{E67A1268-C953-4917-B816-D1F3A4A6B507},0.015248,MY2021-22,0.010521119999999998,909.0247679999999,NA,NA,NA,NA,NA,NA,NA,NA,NA,NA,NA,NA
K01-12032-2 (K01P11),2022-08-31,Partial - Significant Distance,Flowing,Yes,,NA,0.033,SULPHURCREEK,FALSE,{E67A1268-C953-4917-B816-D1F3A4A6B507},0.033,MY2021-22,0.02277,1967.328,NA,NA,NA,NA,NA,NA,NA,NA,NA,NA,NA,NA
K01-12036-1,2022-07-06,Undetermined,Flowing,Yes,,0.009929,NA,SULPHURCREEK,FALSE,{492C91F2-212B-4A73-AC7B-107B61D9565F},0.009929,MY2021-22,0.006851009999999999,591.9272639999999,NA,NA,NA,NA,NA,NA,NA,NA,NA,NA,NA,NA
K01-12036-1,2022-08-31,Undetermined,Flowing,Yes,,0.008434,NA,SULPHURCREEK,FALSE,{492C91F2-212B-4A73-AC7B-107B61D9565F},0.008434,MY2021-22,0.00581946,502.801344,NA,NA,NA,NA,NA,NA,NA,NA,NA,NA,NA,NA
K01-12036-10,2022-07-06,None - Flow Infiltrates or Outfall is Dry,Dry,Unknown,,0,0,SULPHURCREEK,FALSE,{27FDF89D-E07B-4D2F-B470-DABB97A9B098},0,MY2021-22,0,0,NA,NA,NA,NA,NA,NA,NA,NA,NA,NA,NA,NA
K01-12036-10,2022-08-31,Undetermined,Flowing,Unknown,,NA,0.001,SULPHURCREEK,FALSE,{27FDF89D-E07B-4D2F-B470-DABB97A9B098},0.001,MY2021-22,6.9e-4,59.616,NA,NA,NA,NA,NA,NA,NA,NA,NA,NA,NA,NA
K01-12036-5,2022-07-06,Undetermined,Flowing,Yes,,0.068235,NA,SULPHURCREEK,FALSE,{70D2A74D-50ED-4574-A929-01CB7DE7D000},0.068235,MY2021-22,0.047082149999999996,4067.89776,NA,NA,NA,NA,NA,NA,NA,NA,NA,NA,NA,NA
K01-12058-1 (K01P08),2022-08-02,Direct Connection,Flowing,Yes,,NA,0.016,SULPHURCREEK,FALSE,{4C787A96-7840-4AA0-A3A0-EED192734DC5},0.016,MY2021-22,0.01104,953.856,NA,NA,NA,NA,NA,0.007,NA,NA,NA,NA,NA,NA
K01-12058-2 (K01P09),2022-08-02,Direct Connection,Flowing,Yes,,NA,0.045,SULPHURCREEK,FALSE,{C0A795C3-4CA5-4BFE-8231-8B5C12D45F49},0.045,MY2021-22,0.031049999999999998,2682.72,NA,NA,NA,NA,NA,NA,NA,NA,NA,NA,NA,NA
K01-12062-1,2022-08-02,Direct Connection,Pooled or Ponded,Yes,,0.122807,NA,SULPHURCREEK,FALSE,{DC0E267C-D89F-4834-A9CC-2BD31EFE7608},0.122807,MY2021-22,0.08473683,7321.262112,NA,NA,NA,NA,NA,NA,NA,NA,NA,NA,NA,NA
K01-12126-1 (K01S01),2022-06-22,Direct Connection,Flowing,Yes,Yes,0.46478,NA,DANAPOINT,FALSE,{4B95CAAB-3599-40EF-9AEE-7EB6755113A0},0.46478,MY2021-22,0.3206982,27708.32448,NA,NA,NA,NA,NA,NA,NA,NA,NA,NA,NA,NA
K01-12138-1 (K01TBN1),2022-08-02,Undetermined,Flowing,Yes,,0.0045,NA,SULPHURCREEK,FALSE,{7ED3F0F9-CFEC-4D38-9A33-AE41DCBA38E4},0.0045,MY2021-22,0.0031049999999999997,268.272,NA,NA,NA,NA,NA,NA,NA,NA,NA,NA,NA,NA
K01-12155-1,2022-08-31,None - Flow Infiltrates or Outfall is Dry,Dry,Unknown,,0,0,DANAPOINT,FALSE,{EBDB95ED-DC08-4DB5-AB03-DFC2113EF527},0,MY2021-22,0,0,NA,NA,NA,NA,NA,NA,NA,NA,NA,NA,NA,NA
K01-12156-6,2022-07-20,Direct Connection,Flowing,Yes,,0.396,NA,DANAPOINT,FALSE,{6FB4B9E1-BF9D-41E3-9F3C-703D525B54CD},0.396,MY2021-22,0.27324,23607.935999999998,NA,NA,NA,NA,NA,NA,NA,NA,NA,NA,NA,NA
K01-12159-2,2022-06-22,Direct Connection,Flowing,Yes,Yes,NA,0.088,DANAPOINT,FALSE,{65F1D30E-87BC-47F7-B9E2-465FBE713D1F},0.088,MY2021-22,0.06071999999999999,5246.207999999999,NA,NA,NA,NA,NA,NA,NA,NA,NA,NA,NA,NA
K01-12159-3,2022-06-22,Direct Connection,Flowing,Yes,,NA,0.007,DANAPOINT,FALSE,{1F0E78FB-3598-45E9-815F-9C59DD96DF84},0.007,MY2021-22,0.00483,417.312,NA,NA,NA,NA,NA,NA,NA,NA,NA,NA,NA,NA
K01-12177-1 (K01P07),2022-06-15,Undetermined,Flowing,Yes,Yes,0.20950000000000002,0.039,SULPHURCREEK,FALSE,{162A0934-2B45-4BAA-AE44-99D3683A47DD},0.12425000000000001,MY2021-22,0.0857325,7407.2880000000005,NA,NA,NA,NA,NA,NA,NA,NA,NA,NA,NA,NA
K01-12177-1 (K01P07),2022-08-18,Undetermined,Flowing,Yes,Yes,NA,0.024,SULPHURCREEK,FALSE,{162A0934-2B45-4BAA-AE44-99D3683A47DD},0.024,MY2021-22,0.01656,1430.7839999999999,NA,NA,NA,NA,NA,NA,NA,NA,NA,NA,NA,NA
L01-218-4,2022-07-26,Partial - Significant Distance,Flowing,Yes,,0.02475,NA,TRABUCO,FALSE,{D52E55F3-6949-417B-9C1F-389593FDF685},0.02475,MY2021-22,0.0170775,1475.4959999999999,NA,NA,NA,NA,NA,NA,NA,NA,NA,NA,NA,NA
L01-223-1 (L08TBN1),2022-06-27,Undetermined,Flowing,Yes,,8.33e-4,NA,TRABUCO,FALSE,{920D2923-A87E-4A8C-864D-656B0F11E23F},8.33e-4,MY2021-22,5.7477e-4,49.660127999999986,NA,NA,NA,NA,NA,NA,NA,NA,NA,NA,NA,NA
L01-223-1 (L08TBN1),2022-08-25,Undetermined,Flowing,Yes,,NA,0,TRABUCO,FALSE,{920D2923-A87E-4A8C-864D-656B0F11E23F},0,MY2021-22,0,0,NA,NA,NA,NA,NA,NA,NA,NA,NA,NA,NA,NA
L01-303-4,2022-08-01,Direct Connection,Flowing,Yes,,NA,0.019,TRABUCO,FALSE,{DB68879F-B851-41C0-A2C5-D131F57A6ECE},0.019,MY2021-22,0.013109999999999998,1132.7039999999997,NA,NA,NA,NA,NA,NA,NA,NA,NA,NA,NA,NA
L01-303-4,2022-09-26,Direct Connection,Flowing,Yes,,0.018,NA,TRABUCO,FALSE,{DB68879F-B851-41C0-A2C5-D131F57A6ECE},0.018,MY2021-22,0.012419999999999999,1073.088,NA,NA,NA,NA,NA,NA,NA,NA,NA,NA,NA,NA
L01-335-1,2022-06-17,Direct Connection,Flowing,Yes,,0.006928500000000001,0.004,TRABUCO,FALSE,{6D056363-053F-45F5-B22A-6CAFD80C097C},0.00546425,MY2021-22,0.0037703325,325.756728,NA,NA,NA,NA,NA,NA,NA,NA,NA,NA,NA,NA
L01-335-1,2022-09-27,Direct Connection,Flowing,Yes,,NA,0.001,TRABUCO,FALSE,{6D056363-053F-45F5-B22A-6CAFD80C097C},0.001,MY2021-22,6.9e-4,59.616,NA,NA,NA,NA,NA,NA,NA,NA,NA,NA,NA,NA
L01-335-2,2022-09-27,None - Flow Infiltrates or Outfall is Dry,Dry,Unknown,,0,0,TRABUCO,FALSE,{65AC036E-2F1F-4616-A08A-A4E7B1D38A11},0,MY2021-22,0,0,NA,NA,NA,NA,NA,NA,NA,NA,NA,NA,NA,NA
L01-340-1,2022-06-16,Undetermined,Flowing,Yes,Yes,0.0194145,0.008,TRABUCO,FALSE,{F1CABFEE-57C0-45D7-805A-974B2EF723C4},0.01370725,MY2021-22,0.0094580025,817.1714159999999,NA,NA,NA,NA,NA,NA,NA,NA,NA,NA,NA,NA
L01-340-1,2022-08-24,Undetermined,Flowing,Yes,Yes,0.001809,NA,TRABUCO,FALSE,{F1CABFEE-57C0-45D7-805A-974B2EF723C4},0.001809,MY2021-22,0.00124821,107.845344,NA,NA,NA,NA,NA,NA,NA,NA,NA,NA,NA,NA
L01-391-3,2022-08-01,Direct Connection,Flowing,Yes,,0.011667,NA,TRABUCO,FALSE,{D41F3C53-33B2-4B80-AB83-E479787A54C2},0.011667,MY2021-22,0.00805023,695.539872,NA,NA,NA,NA,NA,NA,NA,NA,NA,NA,NA,NA
L01-391-3,2022-09-19,Direct Connection,Flowing,Yes,,0.03,NA,TRABUCO,FALSE,{D41F3C53-33B2-4B80-AB83-E479787A54C2},0.03,MY2021-22,0.020699999999999996,1788.4799999999996,NA,NA,NA,NA,NA,NA,NA,NA,NA,NA,NA,NA
L01-404-1,2022-06-16,Undetermined,Flowing,Yes,Yes,NA,0.025,TRABUCO,FALSE,{CDCEA1A5-E306-47B2-8945-27B1CD159C10},0.025,MY2021-22,0.017249999999999998,1490.3999999999999,NA,NA,NA,NA,NA,NA,NA,NA,NA,NA,NA,NA
L01-404-1,2022-08-24,Undetermined,Flowing,Yes,Yes,0.084647,NA,TRABUCO,FALSE,{CDCEA1A5-E306-47B2-8945-27B1CD159C10},0.084647,MY2021-22,0.058406429999999995,5046.315551999999,NA,NA,NA,NA,NA,NA,NA,NA,NA,NA,NA,NA
L01-404-2,2022-06-16,Undetermined,Flowing,Yes,,NA,0.021,TRABUCO,FALSE,{1E7BFD35-867B-41B5-9FF2-898F561EE27E},0.021,MY2021-22,0.01449,1251.936,NA,NA,NA,NA,NA,NA,NA,NA,NA,NA,NA,NA
L01-404-2,2022-08-24,Undetermined,Flowing,Yes,,0.021,NA,TRABUCO,FALSE,{1E7BFD35-867B-41B5-9FF2-898F561EE27E},0.021,MY2021-22,0.01449,1251.936,NA,NA,NA,NA,NA,NA,NA,NA,NA,NA,NA,NA
L01-414-2,2022-08-01,None - Flow Infiltrates or Outfall is Dry,Dry,Unknown,,0,0,TRABUCO,FALSE,{424C51CE-5569-476A-8035-40A7D01575A0},0,MY2021-22,0,0,NA,NA,NA,NA,NA,NA,NA,NA,NA,NA,NA,NA
L01-414-2,2022-09-19,None - Flow Infiltrates or Outfall is Dry,Dry,Unknown,,0,0,TRABUCO,FALSE,{424C51CE-5569-476A-8035-40A7D01575A0},0,MY2021-22,0,0,NA,NA,NA,NA,NA,NA,NA,NA,NA,NA,NA,NA
L01-414-3,2022-06-16,None - Flow Infiltrates or Outfall is Dry,Pooled or Ponded,Yes,,0.015,NA,TRABUCO,FALSE,{834FBB7A-F243-4A65-80C6-AE688690CC0C},0.015,MY2021-22,0.010349999999999998,894.2399999999998,NA,NA,NA,NA,NA,NA,NA,NA,NA,NA,NA,NA
L01-458-1,2022-09-27,None - Flow Infiltrates or Outfall is Dry,Flowing,Unknown,,NA,0,PALISADES,FALSE,{12B3B591-46D7-4C09-AEF9-0205FDAAC85B},0,MY2021-22,0,0,NA,NA,NA,NA,NA,NA,NA,NA,NA,NA,NA,NA
L01-471-1,2022-05-31,None - Flow Infiltrates or Outfall is Dry,Dry,Unknown,,0,0,PALISADES,FALSE,{1506D8A1-1F63-4CAD-971D-6107A4006B15},0,MY2021-22,0,0,NA,NA,NA,NA,NA,NA,NA,NA,NA,NA,NA,NA
L01-471-1,2022-09-27,None - Flow Infiltrates or Outfall is Dry,Dry,Unknown,,0,0,PALISADES,FALSE,{1506D8A1-1F63-4CAD-971D-6107A4006B15},0,MY2021-22,0,0,NA,NA,NA,NA,NA,NA,NA,NA,NA,NA,NA,NA
L01-494-1,2022-05-31,Undetermined,Flowing,Yes,,0.1575,NA,PALISADES,FALSE,{8ACA8CDD-8242-491B-B115-35F97FCC3354},0.1575,MY2021-22,0.108675,9389.519999999999,NA,NA,NA,NA,NA,NA,NA,NA,NA,NA,NA,NA
L01-494-1,2022-09-27,None - Flow Infiltrates or Outfall is Dry,Flowing,Yes,,NA,0.022,PALISADES,FALSE,{8ACA8CDD-8242-491B-B115-35F97FCC3354},0.022,MY2021-22,0.015179999999999997,1311.5519999999997,NA,NA,NA,NA,NA,NA,NA,NA,NA,NA,NA,NA
L01-514-1,2022-09-23,Undetermined,Flowing,Yes,,0.0048,NA,PALISADES,FALSE,{7A6C6799-AB04-4589-9958-5C84F3951CFC},0.0048,MY2021-22,0.0033119999999999994,286.1568,NA,NA,NA,NA,NA,NA,NA,NA,NA,NA,NA,NA
L01-517-6,2022-05-31,Undetermined,Flowing,Yes,,0.03,NA,PALISADES,FALSE,{E5E98A69-01CF-4012-9B40-92C07976275C},0.03,MY2021-22,0.020699999999999996,1788.4799999999996,NA,NA,NA,NA,NA,NA,NA,NA,NA,NA,NA,NA
L01-517-6,2022-09-27,Undetermined,Flowing,Yes,,NA,0.007,PALISADES,FALSE,{E5E98A69-01CF-4012-9B40-92C07976275C},0.007,MY2021-22,0.00483,417.312,NA,NA,NA,NA,NA,NA,NA,NA,NA,NA,NA,NA
L01-517-7,2022-05-31,None - Flow Infiltrates or Outfall is Dry,Dry,Unknown,,0,0,PALISADES,FALSE,{91F7E163-76E3-4E60-AF6E-ABEF81E97F26},0,MY2021-22,0,0,NA,NA,NA,NA,NA,NA,NA,NA,NA,NA,NA,NA
L01-517-7,2022-09-27,None - Flow Infiltrates or Outfall is Dry,Dry,Unknown,,0,0,PALISADES,FALSE,{91F7E163-76E3-4E60-AF6E-ABEF81E97F26},0,MY2021-22,0,0,NA,NA,NA,NA,NA,NA,NA,NA,NA,NA,NA,NA
L01-556-1,2022-08-10,Undetermined,Flowing,Yes,,0.011494,NA,PALISADES,FALSE,{4FE0C734-3649-4717-871F-7A7EB924A050},0.011494,MY2021-22,0.00793086,685.2263039999999,NA,NA,NA,NA,NA,NA,NA,NA,NA,NA,NA,NA
L01-601-1,2022-06-28,None - Flow Infiltrates or Outfall is Dry,Dry,Unknown,,0,0,DANAPOINT,FALSE,{6E297702-950B-4ECB-93F7-6D8CE2CE5D00},0,MY2021-22,0,0,NA,NA,NA,NA,NA,NA,NA,NA,NA,NA,NA,NA
L01-601-1,2022-09-14,None - Flow Infiltrates or Outfall is Dry,Dry,Unknown,,0,0,DANAPOINT,FALSE,{6E297702-950B-4ECB-93F7-6D8CE2CE5D00},0,MY2021-22,0,0,NA,NA,NA,NA,NA,NA,NA,NA,NA,NA,NA,NA
L01-618-4,2022-07-13,None - Flow Infiltrates or Outfall is Dry,Dry,Unknown,,0,0,PALISADES,FALSE,{6CAF875E-8955-448F-B3BC-D7F75183DDDE},0,MY2021-22,0,0,NA,NA,NA,NA,NA,NA,NA,NA,NA,NA,NA,NA
L01-618-4,2022-08-10,None - Flow Infiltrates or Outfall is Dry,Dry,Unknown,,0,0,PALISADES,FALSE,{6CAF875E-8955-448F-B3BC-D7F75183DDDE},0,MY2021-22,0,0,NA,NA,NA,NA,NA,NA,NA,NA,NA,NA,NA,NA
L01-618-5 (L01S09),2022-08-10,Direct Connection,Flowing,Yes,,0.004101,NA,PALISADES,FALSE,{DB6B9824-56ED-459B-A97E-F9966647E89B},0.004101,MY2021-22,0.0028296899999999997,244.48521599999998,NA,NA,NA,NA,NA,NA,NA,NA,NA,NA,NA,NA
L01-724-1 (L01S01),2022-06-22,Partial - Significant Distance,Flowing,Yes,Yes,0.07102,NA,DANAPOINT,FALSE,{8A859AA8-432F-48A4-B9EF-89E317C329D5},0.07102,MY2021-22,0.04900379999999999,4233.928319999999,NA,NA,NA,NA,NA,NA,NA,NA,NA,NA,NA,NA
L01-724-4 (L01P03),2022-06-22,Direct Connection,Flowing,Yes,Yes,0.092975,NA,PALISADES,FALSE,{1A565B60-44E0-4E2C-84FE-2362549F11C4},0.092975,MY2021-22,0.06415275,5542.7976,NA,NA,NA,NA,NA,NA,NA,NA,NA,NA,NA,NA
L01-724-4 (L01P03),2022-09-06,Direct Connection,Flowing,Yes,Yes,0.08,NA,PALISADES,FALSE,{1A565B60-44E0-4E2C-84FE-2362549F11C4},0.08,MY2021-22,0.0552,4769.28,NA,NA,NA,NA,NA,NA,NA,NA,NA,NA,NA,NA
L01-726-2,2022-08-29,None - Flow Infiltrates or Outfall is Dry,Dry,Unknown,,0,0,DANAPOINT,FALSE,{2E54A407-3CB1-4115-BE98-54634E27A6A6},0,MY2021-22,0,0,NA,NA,NA,NA,NA,NA,NA,NA,NA,NA,NA,NA
L01-726-3,2022-07-13,None - Flow Infiltrates or Outfall is Dry,Dry,Unknown,,0,0,DANAPOINT,FALSE,{B22F4F14-A3E0-4A9A-9F0F-891910B4EB75},0,MY2021-22,0,0,NA,NA,NA,NA,NA,NA,NA,NA,NA,NA,NA,NA
L01-726-3,2022-08-29,None - Flow Infiltrates or Outfall is Dry,Dry,Unknown,,0,0,DANAPOINT,FALSE,{B22F4F14-A3E0-4A9A-9F0F-891910B4EB75},0,MY2021-22,0,0,NA,NA,NA,NA,NA,NA,NA,NA,NA,NA,NA,NA
L01-726-5,2022-06-22,Direct Connection,Flowing,Yes,Yes,0.0015,NA,DANAPOINT,FALSE,{2B22BC20-4B7A-42C3-8427-8487ACC1F123},0.0015,MY2021-22,0.001035,89.42399999999999,NA,NA,NA,NA,NA,NA,NA,NA,NA,NA,NA,NA
L01-726-5,2022-08-29,Direct Connection,Flowing,Yes,Yes,NA,0.011,DANAPOINT,FALSE,{2B22BC20-4B7A-42C3-8427-8487ACC1F123},0.011,MY2021-22,0.007589999999999999,655.7759999999998,NA,NA,NA,NA,NA,NA,NA,NA,NA,NA,NA,NA
L01-726-6,2022-07-13,None - Flow Infiltrates or Outfall is Dry,Dry,Unknown,,0,0,DANAPOINT,FALSE,{D64CBB08-F94D-40E2-BF24-D05C3319C2F7},0,MY2021-22,0,0,NA,NA,NA,NA,NA,NA,NA,NA,NA,NA,NA,NA
L01-726-6,2022-08-29,None - Flow Infiltrates or Outfall is Dry,Dry,Unknown,,0,0,DANAPOINT,FALSE,{D64CBB08-F94D-40E2-BF24-D05C3319C2F7},0,MY2021-22,0,0,NA,NA,NA,NA,NA,NA,NA,NA,NA,NA,NA,NA
L01-726-7,2022-07-13,None - Flow Infiltrates or Outfall is Dry,Dry,Unknown,,0,0,DANAPOINT,FALSE,{18A42986-EA31-4E07-A4F6-D18E1CBDE933},0,MY2021-22,0,0,NA,NA,NA,NA,NA,NA,NA,NA,NA,NA,NA,NA
L01-726-7,2022-08-29,None - Flow Infiltrates or Outfall is Dry,Dry,Unknown,,0,0,DANAPOINT,FALSE,{18A42986-EA31-4E07-A4F6-D18E1CBDE933},0,MY2021-22,0,0,NA,NA,NA,NA,NA,NA,NA,NA,NA,NA,NA,NA
L01-726-8,2022-06-28,Partial - Significant Distance,Flowing,Unknown,,0.005769,NA,DANAPOINT,FALSE,{88ED161A-736E-448B-AF46-40F0E8C2F54E},0.005769,MY2021-22,0.00398061,343.92470399999996,NA,NA,NA,NA,NA,NA,NA,NA,NA,NA,NA,NA
L01-726-9,2022-06-28,None - Flow Infiltrates or Outfall is Dry,Dry,Unknown,,0,0,DANAPOINT,FALSE,{8940546C-B67E-42D6-9426-7F1E9452BFE1},0,MY2021-22,0,0,NA,NA,NA,NA,NA,NA,NA,NA,NA,NA,NA,NA
L01-726-9,2022-09-14,None - Flow Infiltrates or Outfall is Dry,Dry,Unknown,,0,0,DANAPOINT,FALSE,{8940546C-B67E-42D6-9426-7F1E9452BFE1},0,MY2021-22,0,0,NA,NA,NA,NA,NA,NA,NA,NA,NA,NA,NA,NA
L01-727-1 (L01S04),2022-07-12,None - Flow Infiltrates or Outfall is Dry,Dry,Unknown,,0,0,DANAPOINT,FALSE,{798A1AA2-7443-4216-9DB2-0FB1B57E4222},0,MY2021-22,0,0,NA,NA,NA,NA,NA,NA,NA,NA,NA,NA,NA,NA
L01-727-1 (L01S04),2022-08-29,None - Flow Infiltrates or Outfall is Dry,Dry,Unknown,,0,0,DANAPOINT,FALSE,{798A1AA2-7443-4216-9DB2-0FB1B57E4222},0,MY2021-22,0,0,NA,NA,NA,NA,NA,NA,NA,NA,NA,NA,NA,NA
L01-727-2,2022-07-12,None - Flow Infiltrates or Outfall is Dry,Dry,Unknown,,0,0,DANAPOINT,FALSE,{B9983359-9D26-40FE-905C-4936B6ED0548},0,MY2021-22,0,0,NA,NA,NA,NA,NA,NA,NA,NA,NA,NA,NA,NA
L01-727-2,2022-08-29,None - Flow Infiltrates or Outfall is Dry,Dry,Unknown,,0,0,DANAPOINT,FALSE,{B9983359-9D26-40FE-905C-4936B6ED0548},0,MY2021-22,0,0,NA,NA,NA,NA,NA,NA,NA,NA,NA,NA,NA,NA
L01-728-3 (L01S02),2022-08-29,Direct Connection,Flowing,Yes,,NA,0.017,DANAPOINT,FALSE,{2A977DCC-7E53-4D85-94F4-061F90A75327},0.017,MY2021-22,0.011729999999999999,1013.472,NA,NA,NA,NA,NA,NA,NA,NA,NA,NA,NA,NA
L01-728-4,2022-07-12,None - Flow Infiltrates or Outfall is Dry,Dry,Unknown,,0,0,DANAPOINT,FALSE,{87F2F346-2A95-465B-9529-A030D3DAEC5F},0,MY2021-22,0,0,NA,NA,NA,NA,NA,NA,NA,NA,NA,NA,NA,NA
L01-728-5 (L01-DP),2022-06-22,None - Flow Infiltrates or Outfall is Dry,Flowing,Yes,Yes,NA,0.008,DANAPOINT,FALSE,{239C7351-6675-4B26-B959-1D8B4D6371A5},0.008,MY2021-22,0.00552,476.928,NA,NA,NA,NA,NA,NA,NA,NA,NA,NA,NA,NA
L01-728-6,2022-07-12,None - Flow Infiltrates or Outfall is Dry,Dry,Unknown,,0,0,DANAPOINT,FALSE,{997F43C3-4A2E-4C65-8310-72694AD8EF59},0,MY2021-22,0,0,NA,NA,NA,NA,NA,NA,NA,NA,NA,NA,NA,NA
L01-728-6,2022-08-29,None - Flow Infiltrates or Outfall is Dry,Dry,Unknown,,0,0,DANAPOINT,FALSE,{997F43C3-4A2E-4C65-8310-72694AD8EF59},0,MY2021-22,0,0,NA,NA,NA,NA,NA,NA,NA,NA,NA,NA,NA,NA
L01-728-7 (L01S03),2022-07-13,None - Flow Infiltrates or Outfall is Dry,Flowing,Yes,,0.0288,NA,DANAPOINT,FALSE,{9ABFED9B-C141-47FC-9A23-685026E584F9},0.0288,MY2021-22,0.019871999999999997,1716.9407999999999,NA,NA,NA,NA,NA,NA,NA,NA,NA,NA,NA,NA
L01-728-7 (L01S03),2022-09-28,None - Flow Infiltrates or Outfall is Dry,Flowing,Yes,,NA,0.018,DANAPOINT,FALSE,{9ABFED9B-C141-47FC-9A23-685026E584F9},0.018,MY2021-22,0.012419999999999999,1073.088,NA,NA,NA,NA,NA,NA,NA,NA,NA,NA,NA,NA
L01-728-8d,2022-07-12,None - Flow Infiltrates or Outfall is Dry,Dry,Unknown,,0,0,DANAPOINT,FALSE,{7A1311A3-7766-418C-8495-C9A419F65188},0,MY2021-22,0,0,NA,NA,NA,NA,NA,NA,NA,NA,NA,NA,NA,NA
L01-728-8d,2022-09-23,None - Flow Infiltrates or Outfall is Dry,Dry,Unknown,,0,0,DANAPOINT,FALSE,{7A1311A3-7766-418C-8495-C9A419F65188},0,MY2021-22,0,0,NA,NA,NA,NA,NA,NA,NA,NA,NA,NA,NA,NA
L01-728-9,2022-07-12,None - Flow Infiltrates or Outfall is Dry,Dry,Unknown,,0,0,DANAPOINT,FALSE,{74BEFDA9-4138-4459-9D5E-A60F88FD79B2},0,MY2021-22,0,0,NA,NA,NA,NA,NA,NA,NA,NA,NA,NA,NA,NA
L01-728-9,2022-08-29,None - Flow Infiltrates or Outfall is Dry,Dry,Unknown,,0,0,DANAPOINT,FALSE,{74BEFDA9-4138-4459-9D5E-A60F88FD79B2},0,MY2021-22,0,0,NA,NA,NA,NA,NA,NA,NA,NA,NA,NA,NA,NA
L01-730-1,2022-07-28,Direct Connection,Flowing,Yes,,0.006,NA,TRABUCO,FALSE,{58435AF7-EDAB-42CB-9CEF-56F94E800788},0.006,MY2021-22,0.00414,357.69599999999997,NA,NA,NA,NA,NA,NA,NA,NA,NA,NA,NA,NA
L01-731-1 (L08TBN2),2022-06-27,Undetermined,Flowing,Yes,Yes,0.642857,NA,TRABUCO,FALSE,{3FE0C68B-3BC3-480E-9B51-1965BD8A122E},0.642857,MY2021-22,0.44357133,38324.562911999994,NA,NA,NA,NA,NA,NA,NA,NA,NA,NA,NA,NA
L01-731-1 (L08TBN2),2022-08-25,Undetermined,Flowing,Yes,Yes,1.124197,NA,TRABUCO,FALSE,{3FE0C68B-3BC3-480E-9B51-1965BD8A122E},1.124197,MY2021-22,0.7756959299999998,67020.12835199999,NA,NA,NA,NA,NA,NA,NA,NA,NA,NA,NA,NA
L01-733-4,2022-08-01,None - Flow Infiltrates or Outfall is Dry,Dry,Unknown,,0,0,TRABUCO,FALSE,{ED00D5DA-856D-4A09-BD27-B31F6E37C9A8},0,MY2021-22,0,0,NA,NA,NA,NA,NA,NA,NA,NA,NA,NA,NA,NA
L01-733-4,2022-09-19,None - Flow Infiltrates or Outfall is Dry,Dry,Unknown,,0,0,TRABUCO,FALSE,{ED00D5DA-856D-4A09-BD27-B31F6E37C9A8},0,MY2021-22,0,0,NA,NA,NA,NA,NA,NA,NA,NA,NA,NA,NA,NA
L01-733-5,2022-08-01,None - Flow Infiltrates or Outfall is Dry,Dry,Unknown,,0,0,TRABUCO,FALSE,{9C18A820-40CA-4CA4-B141-8DA9C8401AC6},0,MY2021-22,0,0,NA,NA,NA,NA,NA,NA,NA,NA,NA,NA,NA,NA
L01-733-5,2022-09-19,None - Flow Infiltrates or Outfall is Dry,Dry,Unknown,,0,0,TRABUCO,FALSE,{9C18A820-40CA-4CA4-B141-8DA9C8401AC6},0,MY2021-22,0,0,NA,NA,NA,NA,NA,NA,NA,NA,NA,NA,NA,NA
L01-733-7,2022-09-19,Direct Connection,Flowing,Unknown,,0.06,NA,TRABUCO,FALSE,{A7A8FD25-EE3B-48B7-BEA2-B78102735AA7},0.06,MY2021-22,0.04139999999999999,3576.959999999999,NA,NA,NA,NA,NA,NA,NA,NA,NA,NA,NA,NA
L01-733-7,2022-09-26,Direct Connection,Flowing,Unknown,,0.0576,NA,TRABUCO,FALSE,{A7A8FD25-EE3B-48B7-BEA2-B78102735AA7},0.0576,MY2021-22,0.039743999999999995,3433.8815999999997,NA,NA,NA,NA,NA,NA,NA,NA,NA,NA,NA,NA
L01-747-2,2022-07-28,Undetermined,Flowing,Yes,,0.042951500000000004,0.02,PALISADES,FALSE,{09587147-64CF-499E-B6F3-CA0AB4A5BB40},0.031475750000000004,MY2021-22,0.0217182675,1876.4583119999998,NA,NA,NA,NA,NA,NA,NA,NA,NA,NA,NA,NA
L01-748-1,2022-07-13,None - Flow Infiltrates or Outfall is Dry,Dry,Unknown,,0,0,PALISADES,FALSE,{A91AE436-24A4-4432-8197-13B5F01E53A6},0,MY2021-22,0,0,NA,NA,NA,NA,NA,NA,NA,NA,NA,NA,NA,NA
L01-748-1,2022-08-10,None - Flow Infiltrates or Outfall is Dry,Dry,Unknown,,0,0,PALISADES,FALSE,{A91AE436-24A4-4432-8197-13B5F01E53A6},0,MY2021-22,0,0,NA,NA,NA,NA,NA,NA,NA,NA,NA,NA,NA,NA
L01-749-2d,2022-06-22,Undetermined,Flowing,Yes,,0.08,NA,PALISADES,FALSE,{F974B699-BEF5-4874-8BF5-762E5BABC0EC},0.08,MY2021-22,0.0552,4769.28,NA,NA,NA,NA,NA,NA,NA,NA,NA,NA,NA,NA
L01-749-3,2022-07-13,None - Flow Infiltrates or Outfall is Dry,Dry,Unknown,,0,0,PALISADES,FALSE,{F283626A-51CD-43CB-A8FF-746A67B87B2B},0,MY2021-22,0,0,NA,NA,NA,NA,NA,NA,NA,NA,NA,NA,NA,NA
L01-749-3,2022-08-10,None - Flow Infiltrates or Outfall is Dry,Dry,Unknown,,0,0,PALISADES,FALSE,{F283626A-51CD-43CB-A8FF-746A67B87B2B},0,MY2021-22,0,0,NA,NA,NA,NA,NA,NA,NA,NA,NA,NA,NA,NA
L01-749-5,2022-08-11,None - Flow Infiltrates or Outfall is Dry,Dry,Unknown,,0,0,PALISADES,FALSE,{AAAA11DA-67C2-4E13-B18E-11AAEBB0B8F5},0,MY2021-22,0,0,NA,NA,NA,NA,NA,NA,NA,NA,NA,NA,NA,NA
L01-760-1,2022-08-01,Undetermined,Flowing,Yes,,NA,0.004,TRABUCO,FALSE,{304B7146-FAA4-4C9E-85D8-E0AE384F357F},0.004,MY2021-22,0.00276,238.464,NA,NA,NA,NA,NA,NA,NA,NA,NA,NA,NA,NA
L01-760-1,2022-08-24,None - Flow Infiltrates or Outfall is Dry,Flowing,Yes,,0.00825,NA,TRABUCO,FALSE,{304B7146-FAA4-4C9E-85D8-E0AE384F357F},0.00825,MY2021-22,0.0056925,491.832,NA,NA,NA,NA,NA,NA,NA,NA,NA,NA,NA,NA
L01-760-2,2022-08-24,Undetermined,Flowing,Yes,,0.037688,NA,TRABUCO,FALSE,{2E56C3AD-25AB-4A1C-95D5-7D91A1E793FA},0.037688,MY2021-22,0.02600472,2246.807808,NA,NA,NA,NA,NA,NA,NA,NA,NA,NA,NA,NA
L01-766-2 (L01S06),2022-07-13,None - Flow Infiltrates or Outfall is Dry,Flowing,Yes,,NA,0.016,PALISADES,FALSE,{6B1E2EC8-33C0-45FC-B9F2-95DAAD8E87F9},0.016,MY2021-22,0.01104,953.856,NA,NA,NA,NA,NA,NA,NA,NA,NA,NA,NA,NA
L01-766-2 (L01S06),2022-08-10,None - Flow Infiltrates or Outfall is Dry,Flowing,Yes,,0.450313,0.014,PALISADES,FALSE,{6B1E2EC8-33C0-45FC-B9F2-95DAAD8E87F9},0.23215650000000002,MY2021-22,0.160187985,13840.241904000002,NA,NA,NA,NA,NA,NA,NA,NA,NA,NA,NA,NA
L01-766-3,2022-07-13,None - Flow Infiltrates or Outfall is Dry,Dry,Unknown,,0,0,PALISADES,FALSE,{36C58593-1762-4673-9666-5809B7EDC846},0,MY2021-22,0,0,NA,NA,NA,NA,NA,NA,NA,NA,NA,NA,NA,NA
L01-766-3,2022-09-28,Direct Connection,Flowing,Unknown,,NA,0.006,PALISADES,FALSE,{36C58593-1762-4673-9666-5809B7EDC846},0.006,MY2021-22,0.00414,357.69599999999997,NA,NA,NA,NA,NA,NA,NA,NA,NA,NA,NA,NA
L01-766-4,2022-07-13,None - Flow Infiltrates or Outfall is Dry,Dry,Unknown,,0,0,PALISADES,FALSE,{48ACB168-9928-43C5-AAD8-5119F46F8CD3},0,MY2021-22,0,0,NA,NA,NA,NA,NA,NA,NA,NA,NA,NA,NA,NA
L01-766-4,2022-08-11,None - Flow Infiltrates or Outfall is Dry,Dry,Unknown,,0,0,PALISADES,FALSE,{48ACB168-9928-43C5-AAD8-5119F46F8CD3},0,MY2021-22,0,0,NA,NA,NA,NA,NA,NA,NA,NA,NA,NA,NA,NA
L01-766-5,2022-07-13,None - Flow Infiltrates or Outfall is Dry,Dry,Unknown,,0,0,PALISADES,FALSE,{318F725A-895C-4980-B214-CEAEA72603EF},0,MY2021-22,0,0,NA,NA,NA,NA,NA,NA,NA,NA,NA,NA,NA,NA
L01-766-5,2022-08-10,None - Flow Infiltrates or Outfall is Dry,Dry,Unknown,,0,0,PALISADES,FALSE,{318F725A-895C-4980-B214-CEAEA72603EF},0,MY2021-22,0,0,NA,NA,NA,NA,NA,NA,NA,NA,NA,NA,NA,NA
L01-766-7,2022-08-10,None - Flow Infiltrates or Outfall is Dry,Flowing,Unknown,,1.31e-4,NA,PALISADES,FALSE,{2A3C4022-F5F9-4E4D-864F-F04AB86095CF},1.31e-4,MY2021-22,9.039000000000001e-5,7.809696000000001,NA,NA,NA,NA,NA,NA,NA,NA,NA,NA,NA,NA
L01-766-8,2022-06-28,None - Flow Infiltrates or Outfall is Dry,Dry,Unknown,,0,0,PALISADES,FALSE,{F793BB7D-2AA5-48FA-8294-218E3F3B93B5},0,MY2021-22,0,0,NA,NA,NA,NA,NA,NA,NA,NA,NA,NA,NA,NA
L01-766-8,2022-08-10,None - Flow Infiltrates or Outfall is Dry,Dry,Unknown,,0,0,PALISADES,FALSE,{F793BB7D-2AA5-48FA-8294-218E3F3B93B5},0,MY2021-22,0,0,NA,NA,NA,NA,NA,NA,NA,NA,NA,NA,NA,NA
L02-166-1 (L02PXX),2022-07-27,Undetermined,Flowing,Yes,,0.05608,NA,TRABUCO,FALSE,{16A76DB0-63C1-4ED7-8125-2F40FB1F2F53},0.05608,MY2021-22,0.03869519999999999,3343.265279999999,NA,NA,NA,NA,NA,NA,NA,NA,NA,NA,NA,NA
L02-166-2 (L02P25),2022-07-27,Undetermined,Flowing,Yes,,0.11167450000000001,0.083,TRABUCO,FALSE,{FF3574C5-E460-4A7F-94BD-7DEF35298977},0.09733725000000001,MY2021-22,0.0671627025,5802.8574960000005,NA,NA,NA,NA,NA,NA,NA,NA,NA,NA,NA,NA
L02-166-2 (L02P25),2022-09-20,Undetermined,Flowing,Yes,,NA,0.03,TRABUCO,FALSE,{FF3574C5-E460-4A7F-94BD-7DEF35298977},0.03,MY2021-22,0.020699999999999996,1788.4799999999996,NA,NA,NA,NA,NA,NA,NA,NA,NA,NA,NA,NA
L02-166-3 (L02P26),2022-06-27,Undetermined,Flowing,Yes,Yes,0.016819,0.021,TRABUCO,FALSE,{AED9AC9A-14FC-4E0A-BDF2-5D947063BA3D},0.018909500000000003,MY2021-22,0.013047555,1127.3087520000001,NA,NA,NA,NA,NA,NA,NA,NA,NA,NA,NA,NA
L02-166-3 (L02P26),2022-08-25,Undetermined,Flowing,Yes,Yes,NA,0.026,TRABUCO,FALSE,{AED9AC9A-14FC-4E0A-BDF2-5D947063BA3D},0.026,MY2021-22,0.017939999999999998,1550.0159999999996,NA,NA,NA,NA,NA,NA,NA,NA,NA,NA,NA,NA
L02-198-1 (L02P29),2022-09-20,Partial - Significant Distance,Flowing,Yes,,0.012,NA,TRABUCO,FALSE,{B9C33AB1-61DE-417E-AE9D-511CF2D50E19},0.012,MY2021-22,0.00828,715.3919999999999,NA,NA,NA,NA,NA,NA,NA,NA,NA,NA,NA,NA
L02-204-1 (L02P45),2022-07-27,None - Flow Infiltrates or Outfall is Dry,Flowing,Yes,,0.00788,NA,TRABUCO,FALSE,{41CB5673-9B11-493E-B0F9-13C85AD6312E},0.00788,MY2021-22,0.0054372,469.7740799999999,NA,NA,NA,NA,NA,NA,NA,NA,NA,NA,NA,NA
L02-204-1 (L02P45),2022-09-20,None - Flow Infiltrates or Outfall is Dry,Flowing,Yes,,0.013333,NA,TRABUCO,FALSE,{41CB5673-9B11-493E-B0F9-13C85AD6312E},0.013333,MY2021-22,0.00919977,794.860128,NA,NA,NA,NA,NA,NA,NA,NA,NA,NA,NA,NA
L02-246-1 (L11P01),2022-06-27,Direct Connection,Flowing,Yes,Yes,0.07875,NA,TRABUCO,FALSE,{47F2CB46-F01F-4454-981E-098E7CCE32F4},0.07875,MY2021-22,0.0543375,4694.759999999999,NA,NA,NA,NA,NA,NA,NA,NA,NA,NA,NA,NA
L02-246-1 (L11P01),2022-08-25,Direct Connection,Flowing,Yes,Yes,0.06,NA,TRABUCO,FALSE,{47F2CB46-F01F-4454-981E-098E7CCE32F4},0.06,MY2021-22,0.04139999999999999,3576.959999999999,NA,NA,NA,NA,NA,NA,NA,NA,NA,NA,NA,NA
L02-344-1,2022-09-19,None - Flow Infiltrates or Outfall is Dry,Dry,Unknown,,0,0,ELTORO,FALSE,{AE100243-D2E2-4C52-A74B-B024BF8A3C36},0,MY2021-22,0,0,NA,NA,NA,NA,NA,NA,NA,NA,NA,NA,NA,NA
L02-344-2,2022-09-19,Undetermined,Flowing,Yes,,0.06,NA,ELTORO,FALSE,{E885A8CA-0AA1-47CD-A582-4DCD7E616FC7},0.06,MY2021-22,0.04139999999999999,3576.959999999999,NA,NA,NA,NA,NA,NA,NA,NA,NA,NA,NA,NA
L02-359-1 (L02P43),2022-06-17,Undetermined,Flowing,Yes,,0.0045,NA,SULPHURCREEK,FALSE,{5281A820-F1BE-47B1-99ED-ECE4A151A02B},0.0045,MY2021-22,0.0031049999999999997,268.272,NA,NA,NA,NA,NA,NA,NA,NA,NA,NA,NA,NA
L02-366-1 (MVL02P14),2022-06-17,Undetermined,Flowing,Yes,,0.02475,0.016,SULPHURCREEK,FALSE,{34BE191E-FD69-4347-A83F-3FDAA41E39CE},0.020375,MY2021-22,0.01405875,1214.676,NA,NA,NA,NA,NA,NA,NA,NA,NA,NA,NA,NA
L02-366-1 (MVL02P14),2022-09-01,Partial - Significant Distance,Flowing,Yes,,NA,0.009,SULPHURCREEK,FALSE,{34BE191E-FD69-4347-A83F-3FDAA41E39CE},0.009,MY2021-22,0.006209999999999999,536.544,NA,NA,NA,NA,NA,NA,NA,NA,NA,NA,NA,NA
L02-374-1 (L02P50),2022-06-16,Undetermined,Flowing,Yes,Yes,0.190157,NA,SULPHURCREEK,FALSE,{5DF64E4A-01D2-4F6C-919E-DCBB0BDD3E55},0.190157,MY2021-22,0.13120832999999998,11336.399711999999,NA,NA,NA,NA,NA,NA,NA,NA,NA,NA,NA,NA
L02-374-2 (MVL02P20),2022-06-17,Undetermined,Flowing,Yes,,0.01,NA,SULPHURCREEK,FALSE,{B1A00FFE-8CDF-4358-8FDF-A6FA58C9C0BA},0.01,MY2021-22,0.0069,596.16,NA,NA,NA,NA,NA,NA,NA,NA,NA,NA,NA,NA
L02-502-1,2022-08-11,None - Flow Infiltrates or Outfall is Dry,Dry,Unknown,,0,0,SULPHURCREEK,FALSE,{80AEE061-5CEE-4A9A-91C8-024626A1725A},0,MY2021-22,0,0,NA,NA,NA,NA,NA,NA,NA,NA,NA,NA,NA,NA
L02-502-5,2022-07-06,None - Flow Infiltrates or Outfall is Dry,Dry,Unknown,,0,0,SULPHURCREEK,FALSE,{3912E472-E933-4D2C-AB01-D62EBFBB52E2},0,MY2021-22,0,0,NA,NA,NA,NA,NA,NA,NA,NA,NA,NA,NA,NA
L02-502-5,2022-08-11,None - Flow Infiltrates or Outfall is Dry,Dry,Unknown,,0,0,SULPHURCREEK,FALSE,{3912E472-E933-4D2C-AB01-D62EBFBB52E2},0,MY2021-22,0,0,NA,NA,NA,NA,NA,NA,NA,NA,NA,NA,NA,NA
L02-541-2,2022-06-28,None - Flow Infiltrates or Outfall is Dry,Dry,Unknown,,0,0,PALISADES,FALSE,{80D3DC2F-82C1-41D7-B291-FBE03B0CC399},0,MY2021-22,0,0,NA,NA,NA,NA,NA,NA,NA,NA,NA,NA,NA,NA
L02-541-2,2022-09-14,None - Flow Infiltrates or Outfall is Dry,Dry,Unknown,,0,0,PALISADES,FALSE,{80D3DC2F-82C1-41D7-B291-FBE03B0CC399},0,MY2021-22,0,0,NA,NA,NA,NA,NA,NA,NA,NA,NA,NA,NA,NA
L02-541-7,2022-06-28,None - Flow Infiltrates or Outfall is Dry,Dry,Unknown,,0,0,PALISADES,FALSE,{610DC3A7-793E-4344-A914-88E70E636144},0,MY2021-22,0,0,NA,NA,NA,NA,NA,NA,NA,NA,NA,NA,NA,NA
L02-541-7,2022-09-14,None - Flow Infiltrates or Outfall is Dry,Dry,Unknown,,0,0,PALISADES,FALSE,{610DC3A7-793E-4344-A914-88E70E636144},0,MY2021-22,0,0,NA,NA,NA,NA,NA,NA,NA,NA,NA,NA,NA,NA
L02-541-9 (L02P02),2022-06-22,None - Flow Infiltrates or Outfall is Dry,Flowing,Yes,,0.077,NA,PALISADES,FALSE,{6FE5A355-7E45-4A1E-8A7B-8CD7AB8F0640},0.077,MY2021-22,0.05313,4590.431999999999,NA,NA,NA,NA,NA,NA,NA,NA,NA,NA,NA,NA
L02-541-9 (L02P02),2022-08-11,Undetermined,Flowing,Yes,,0.0419875,0.006,PALISADES,FALSE,{6FE5A355-7E45-4A1E-8A7B-8CD7AB8F0640},0.023993749999999998,MY2021-22,0.016555687499999996,1430.4113999999995,NA,NA,NA,NA,NA,NA,NA,NA,NA,NA,NA,NA
L02-641-1,2022-06-27,Direct Connection,Flowing,Yes,Yes,0.0468,NA,TRABUCO,FALSE,{7DFD67EB-AD81-432B-9BA4-25696CAD78C5},0.0468,MY2021-22,0.032292,2790.0288,NA,NA,NA,NA,NA,NA,NA,NA,NA,NA,NA,NA
L02-641-2,2022-06-27,Direct Connection,,Yes,Yes,0.5177499999999999,0.05,TRABUCO,FALSE,{940E7A8B-73AA-47EA-96AA-2A8B9F4D5926},0.283875,MY2021-22,0.19587374999999999,16923.492,NA,NA,NA,NA,NA,NA,NA,NA,NA,NA,NA,NA
L02-641-2,2022-06-27,Direct Connection,Flowing,Yes,Yes,0.5177499999999999,0.05,TRABUCO,FALSE,{940E7A8B-73AA-47EA-96AA-2A8B9F4D5926},0.283875,MY2021-22,0.19587374999999999,16923.492,NA,NA,NA,NA,NA,NA,NA,NA,NA,NA,NA,NA
L02-641-2,2022-08-25,Direct Connection,Flowing,Yes,Yes,NA,0.009,TRABUCO,FALSE,{940E7A8B-73AA-47EA-96AA-2A8B9F4D5926},0.009,MY2021-22,0.006209999999999999,536.544,NA,NA,NA,NA,NA,NA,NA,NA,NA,NA,NA,NA
L03-074-1 (L03B01),2022-08-09,Direct Connection,Flowing,Yes,,0.024,0.018,TRABUCO,FALSE,{49BB3F7E-1B73-4CC3-93B9-49EF1F708BBE},0.020999999999999998,MY2021-22,0.014489999999999998,1251.9359999999997,NA,NA,NA,NA,NA,NA,NA,NA,NA,NA,NA,NA
L03-142-1 (L03P24),2022-07-27,Undetermined,Flowing,Yes,,0.0149215,0.002,TRABUCO,FALSE,{82E345FE-8901-4935-B75E-BDD689E85A6F},0.00846075,MY2021-22,0.0058379174999999995,504.396072,NA,NA,NA,NA,NA,NA,NA,NA,NA,NA,NA,NA
L03-142-1 (L03P24),2022-09-01,Undetermined,Flowing,Yes,,NA,0.001,TRABUCO,FALSE,{82E345FE-8901-4935-B75E-BDD689E85A6F},0.001,MY2021-22,6.9e-4,59.616,NA,NA,NA,NA,NA,NA,NA,NA,NA,NA,NA,NA
L03-214-2 (L03P18),2022-06-14,Direct Connection,Flowing,Yes,Yes,NA,0.153,ELTORO,FALSE,{694200E0-F61E-493C-B4FD-35F10C96F460},0.153,MY2021-22,0.10556999999999998,9121.248,NA,NA,NA,NA,NA,NA,NA,NA,NA,NA,NA,NA
L03-214-2 (L03P18),2022-08-23,Direct Connection,Flowing,Yes,Yes,NA,0.059,ELTORO,FALSE,{694200E0-F61E-493C-B4FD-35F10C96F460},0.059,MY2021-22,0.040709999999999996,3517.3439999999996,NA,NA,NA,NA,NA,NA,NA,NA,NA,NA,NA,NA
L03-240-1 (L03P14),2022-06-22,Direct Connection,Flowing,Yes,,0.0108,NA,ELTORO,FALSE,{B36B0F25-9FB6-4A77-9FE1-F916D2BDB697},0.0108,MY2021-22,0.007451999999999999,643.8527999999999,NA,NA,NA,NA,NA,NA,NA,NA,NA,NA,NA,NA
L03-240-1 (L03P14),2022-08-09,Direct Connection,Flowing,Yes,,0.019024,0.016,ELTORO,FALSE,{B36B0F25-9FB6-4A77-9FE1-F916D2BDB697},0.017512,MY2021-22,0.012083279999999998,1043.9953919999998,NA,NA,NA,NA,NA,NA,NA,NA,NA,NA,NA,NA
L03-241-3,2022-08-09,Direct Connection,Flowing,Unknown,,0.418065,NA,ELTORO,FALSE,{8ED5573E-DFDE-4B76-A102-B5B1CF23353B},0.418065,MY2021-22,0.28846485,24923.363039999997,NA,NA,NA,NA,NA,NA,NA,NA,NA,NA,NA,NA
L03-241-4,2022-08-09,Direct Connection,Flowing,Yes,,0.021091,NA,ELTORO,FALSE,{47F716AD-32FA-4E10-9846-98471CD662B4},0.021091,MY2021-22,0.014552789999999998,1257.3610559999997,NA,NA,NA,NA,NA,NA,NA,NA,NA,NA,NA,NA
L03-316-1,2022-08-02,Direct Connection,Flowing,Yes,,0.010313,NA,ELTORO,FALSE,{085CE6CF-F6A5-4D42-8E70-84B8F03CB7C2},0.010313,MY2021-22,0.007115969999999999,614.819808,NA,NA,NA,NA,NA,NA,NA,NA,NA,NA,NA,NA
L03-316-1,2022-09-01,Direct Connection,Flowing,Yes,,NA,0.028,ELTORO,FALSE,{085CE6CF-F6A5-4D42-8E70-84B8F03CB7C2},0.028,MY2021-22,0.01932,1669.248,NA,NA,NA,NA,NA,NA,NA,NA,NA,NA,NA,NA
L03-316-2,2022-08-02,Partial - Significant Distance,Flowing,Yes,,NA,0.002,ELTORO,FALSE,{3F70559C-0FAD-4D97-9983-A4BA1217498F},0.002,MY2021-22,0.00138,119.232,NA,NA,NA,NA,NA,NA,NA,NA,NA,NA,NA,NA
L03-316-3 (L03P12),2022-06-14,Direct Connection,Flowing,Yes,Yes,NA,0.071,ELTORO,FALSE,{ADF910F2-1925-4DDA-B329-3228C543E1CB},0.071,MY2021-22,0.04898999999999999,4232.735999999999,NA,NA,NA,NA,NA,NA,NA,NA,NA,NA,NA,NA
L03-316-3 (L03P12),2022-08-23,Direct Connection,Flowing,Yes,Yes,NA,0.026,ELTORO,FALSE,{ADF910F2-1925-4DDA-B329-3228C543E1CB},0.026,MY2021-22,0.017939999999999998,1550.0159999999996,NA,NA,NA,NA,NA,NA,NA,NA,NA,NA,NA,NA
L03-316-4,2022-09-01,Partial - Significant Distance,Flowing,Yes,,NA,0,ELTORO,FALSE,{013DEF0D-A524-413F-A01F-3700B35EEACE},0,MY2021-22,0,0,NA,NA,NA,NA,NA,NA,NA,NA,NA,NA,NA,NA
L03-418-1,2022-07-06,Direct Connection,Flowing,Yes,,0.0893615,0.014,SULPHURCREEK,FALSE,{8087A7D1-E729-48B8-B8F0-6F542F01E3FD},0.05168075,MY2021-22,0.03565971749999999,3080.9995919999997,NA,NA,NA,NA,NA,NA,NA,NA,NA,NA,NA,NA
L03-418-1,2022-09-21,Direct Connection,Flowing,Yes,,NA,0.004,SULPHURCREEK,FALSE,{8087A7D1-E729-48B8-B8F0-6F542F01E3FD},0.004,MY2021-22,0.00276,238.464,NA,NA,NA,NA,NA,NA,NA,NA,NA,NA,NA,NA
L03-418-2,2022-08-04,Partial - Significant Distance,Flowing,Yes,,0.017333,NA,SULPHURCREEK,FALSE,{06560A1C-A452-4CBC-9B61-5BD085C0EC0B},0.017333,MY2021-22,0.01195977,1033.324128,NA,NA,NA,NA,NA,NA,NA,NA,NA,NA,NA,NA
L03-418-3,2022-08-04,None - Flow Infiltrates or Outfall is Dry,Dry,Unknown,,0,0,SULPHURCREEK,FALSE,{22376DF3-FDA8-47F9-A88E-F80545512E84},0,MY2021-22,0,0,NA,NA,NA,NA,NA,NA,NA,NA,NA,NA,NA,NA
L03-418-8,2022-06-15,Direct Connection,Flowing,Yes,Yes,0.1,NA,SULPHURCREEK,FALSE,{4224C49D-E7E1-4F5C-9724-113E11C9E9A8},0.1,MY2021-22,0.06899999999999999,5961.5999999999995,NA,NA,NA,NA,NA,NA,NA,NA,NA,NA,NA,NA
L03-418-8,2022-08-18,Direct Connection,Flowing,Yes,Yes,0.098182,NA,SULPHURCREEK,FALSE,{4224C49D-E7E1-4F5C-9724-113E11C9E9A8},0.098182,MY2021-22,0.06774558,5853.2181120000005,NA,NA,NA,NA,NA,NA,NA,NA,NA,NA,NA,NA
L03-455-2,2022-07-06,Direct Connection,Flowing,Yes,,0.0216895,0.001,SULPHURCREEK,FALSE,{7E6762BC-9D48-4526-9D88-1BEE27C84D0A},0.01134475,MY2021-22,0.0078278775,676.328616,NA,NA,NA,NA,NA,NA,NA,NA,NA,NA,NA,NA
L03-455-2,2022-08-11,Direct Connection,Flowing,Yes,,0.0011105,0.001,SULPHURCREEK,FALSE,{7E6762BC-9D48-4526-9D88-1BEE27C84D0A},0.00105525,MY2021-22,7.281225e-4,62.909784,NA,NA,NA,NA,NA,NA,NA,NA,NA,NA,NA,NA
L03-455-3 (L03P37),2022-07-06,None - Flow Infiltrates or Outfall is Dry,Dry,Unknown,,0,0,SULPHURCREEK,FALSE,{EA609467-FD74-48DE-8B48-BB275FE1F19A},0,MY2021-22,0,0,NA,NA,NA,NA,NA,NA,NA,NA,NA,NA,NA,NA
L03-455-3 (L03P37),2022-08-11,None - Flow Infiltrates or Outfall is Dry,Dry,Unknown,,0,0,SULPHURCREEK,FALSE,{EA609467-FD74-48DE-8B48-BB275FE1F19A},0,MY2021-22,0,0,NA,NA,NA,NA,NA,NA,NA,NA,NA,NA,NA,NA
L03-455-4,2022-07-06,None - Flow Infiltrates or Outfall is Dry,Dry,Unknown,,0,0,SULPHURCREEK,FALSE,{600BD74A-455E-480D-969C-2F0102B60635},0,MY2021-22,0,0,NA,NA,NA,NA,NA,NA,NA,NA,NA,NA,NA,NA
L03-455-4,2022-08-11,None - Flow Infiltrates or Outfall is Dry,Dry,Unknown,,0,0,SULPHURCREEK,FALSE,{600BD74A-455E-480D-969C-2F0102B60635},0,MY2021-22,0,0,NA,NA,NA,NA,NA,NA,NA,NA,NA,NA,NA,NA
L03-455-5,2022-07-06,None - Flow Infiltrates or Outfall is Dry,Dry,Unknown,,0,0,SULPHURCREEK,FALSE,{B01BBCF8-264F-4698-9E95-E51471EACBB1},0,MY2021-22,0,0,NA,NA,NA,NA,NA,NA,NA,NA,NA,NA,NA,NA
L03-455-5,2022-09-21,None - Flow Infiltrates or Outfall is Dry,Dry,Unknown,,0,0,SULPHURCREEK,FALSE,{B01BBCF8-264F-4698-9E95-E51471EACBB1},0,MY2021-22,0,0,NA,NA,NA,NA,NA,NA,NA,NA,NA,NA,NA,NA
L03-455-6,2022-07-06,None - Flow Infiltrates or Outfall is Dry,Dry,Unknown,,0,0,SULPHURCREEK,FALSE,{3D94996A-864A-4B4A-93E9-6D4FAF24B1B7},0,MY2021-22,0,0,NA,NA,NA,NA,NA,NA,NA,NA,NA,NA,NA,NA
L03-455-6,2022-09-21,None - Flow Infiltrates or Outfall is Dry,Dry,Unknown,,0,0,SULPHURCREEK,FALSE,{3D94996A-864A-4B4A-93E9-6D4FAF24B1B7},0,MY2021-22,0,0,NA,NA,NA,NA,NA,NA,NA,NA,NA,NA,NA,NA
L03-455-7,2022-07-06,Direct Connection,Flowing,Yes,,0.0087855,0.004,SULPHURCREEK,FALSE,{0AAC6CCE-7032-4220-AA64-E80986CDB7F2},0.00639275,MY2021-22,0.0044109975,381.11018399999995,NA,NA,NA,NA,NA,NA,NA,NA,NA,NA,NA,NA
L03-455-7,2022-09-21,Direct Connection,Flowing,Yes,,0.02,NA,SULPHURCREEK,FALSE,{0AAC6CCE-7032-4220-AA64-E80986CDB7F2},0.02,MY2021-22,0.0138,1192.32,NA,NA,NA,NA,NA,NA,NA,NA,NA,NA,NA,NA
L03-662-3 (L03P16),2022-08-23,Partial - Significant Distance,Flowing,Yes,Yes,NA,0.028,ELTORO,FALSE,{A410A82C-AF6C-4CCA-BAC5-6E25F4039D41},0.028,MY2021-22,0.01932,1669.248,NA,NA,NA,NA,NA,NA,NA,NA,NA,NA,NA,NA
L03-693-1 (L03P11),2022-07-06,Direct Connection,Flowing,Yes,,0.0325,0.011,ELTORO,FALSE,{EA5E6ACE-3E1C-43C1-8629-A007A2C06A36},0.02175,MY2021-22,0.015007499999999998,1296.648,NA,NA,NA,NA,NA,NA,NA,NA,NA,NA,NA,NA
L03-693-1 (L03P11),2022-08-23,Direct Connection,Flowing,Yes,,NA,0.011,ELTORO,FALSE,{EA5E6ACE-3E1C-43C1-8629-A007A2C06A36},0.011,MY2021-22,0.007589999999999999,655.7759999999998,NA,NA,NA,NA,NA,NA,NA,NA,NA,NA,NA,NA
L03-708-1,2022-06-15,Direct Connection,Flowing,Yes,,NA,0.007,SULPHURCREEK,FALSE,{44E024D0-D161-42C4-B953-3B26BC5AB579},0.007,MY2021-22,0.00483,417.312,NA,NA,NA,NA,NA,NA,NA,NA,NA,NA,NA,NA
L03-708-1,2022-06-15,Direct Connection,Flowing,Yes,,NA,0.049,SULPHURCREEK,FALSE,{44E024D0-D161-42C4-B953-3B26BC5AB579},0.049,MY2021-22,0.03381,2921.1839999999997,NA,NA,NA,NA,NA,NA,NA,NA,NA,NA,NA,NA
L03-708-1,2022-08-18,Direct Connection,Flowing,Yes,,NA,0.003,SULPHURCREEK,FALSE,{44E024D0-D161-42C4-B953-3B26BC5AB579},0.003,MY2021-22,0.00207,178.84799999999998,NA,NA,NA,NA,NA,NA,NA,NA,NA,NA,NA,NA
L03-708-11 (L03P05),2022-06-23,Direct Connection,Flowing,Yes,,0.1808505,0.022,SULPHURCREEK,FALSE,{D0B00686-BBBD-4543-B725-46856EE3A1A0},0.10142525,MY2021-22,0.06998342249999999,6046.567703999999,NA,NA,NA,NA,NA,NA,NA,NA,NA,NA,NA,NA
L03-708-11 (L03P05),2022-08-04,None - Flow Infiltrates or Outfall is Dry,Flowing,Yes,,0.06084099999999999,0.012,SULPHURCREEK,FALSE,{D0B00686-BBBD-4543-B725-46856EE3A1A0},0.036420499999999995,MY2021-22,0.025130144999999993,2171.2445279999993,NA,NA,NA,NA,NA,NA,NA,NA,NA,NA,NA,NA
L03-708-13,2022-06-23,Direct Connection,Flowing,Yes,,0.09,NA,SULPHURCREEK,FALSE,{20164D58-A077-45A1-8D67-D8C0FBC284B8},0.09,MY2021-22,0.062099999999999995,5365.44,NA,NA,NA,NA,NA,NA,NA,NA,NA,NA,NA,NA
L03-708-13,2022-08-04,Direct Connection,Flowing,Yes,,0.016923,NA,SULPHURCREEK,FALSE,{20164D58-A077-45A1-8D67-D8C0FBC284B8},0.016923,MY2021-22,0.011676869999999999,1008.8815679999998,NA,NA,NA,NA,NA,NA,NA,NA,NA,NA,NA,NA
L03-708-5,2022-06-23,None - Flow Infiltrates or Outfall is Dry,Dry,Unknown,,0,0,SULPHURCREEK,FALSE,{80131D44-20B9-48C8-962C-C75A86DACEB2},0,MY2021-22,0,0,NA,NA,NA,NA,NA,NA,NA,NA,NA,NA,NA,NA
L03-708-5,2022-08-04,None - Flow Infiltrates or Outfall is Dry,Dry,Unknown,,0,0,SULPHURCREEK,FALSE,{80131D44-20B9-48C8-962C-C75A86DACEB2},0,MY2021-22,0,0,NA,NA,NA,NA,NA,NA,NA,NA,NA,NA,NA,NA
L03-708-9,2022-06-23,Direct Connection,Flowing,Yes,,0.00525,NA,SULPHURCREEK,FALSE,{FD9D5E93-9C46-49EC-B628-B56D1864239C},0.00525,MY2021-22,0.0036225,312.984,NA,NA,NA,NA,NA,NA,NA,NA,NA,NA,NA,NA
L03-708-9,2022-08-04,Direct Connection,Flowing,Yes,,0.0071565,0.005,SULPHURCREEK,FALSE,{FD9D5E93-9C46-49EC-B628-B56D1864239C},0.00607825,MY2021-22,0.0041939925,362.36095200000005,NA,NA,NA,NA,NA,NA,NA,NA,NA,NA,NA,NA
L04-136-1u (L04P07),2022-06-29,Partial - Significant Distance,Flowing,Yes,,0.126,NA,ELTORO,FALSE,{B8BEA8A0-3AAC-49CA-83D6-198977198F41},0.126,MY2021-22,0.08693999999999999,7511.616,NA,NA,NA,NA,NA,NA,NA,NA,NA,NA,NA,NA
L04-136-1u (L04P07),2022-08-23,Partial - Significant Distance,Flowing,Yes,,0.226573,NA,ELTORO,FALSE,{B8BEA8A0-3AAC-49CA-83D6-198977198F41},0.226573,MY2021-22,0.15633536999999997,13507.375968,NA,NA,NA,NA,NA,NA,NA,NA,NA,NA,NA,NA
L04-266-5,2022-06-14,Direct Connection,Flowing,Yes,Yes,0.217141,NA,ELTORO,FALSE,{9CBD6267-1249-4AB5-AA53-A9CD65501C1D},0.217141,MY2021-22,0.14982729,12945.077856,NA,NA,NA,NA,NA,NA,NA,NA,NA,NA,NA,NA
L04-672-1,2022-06-29,Partial - Significant Distance,,Yes,Yes,0.107706,0.059,ELTORO,FALSE,{9559CB47-0239-4B3A-B6FF-38E557824BEC},0.083353,MY2021-22,0.05751356999999999,4969.172447999999,NA,NA,NA,NA,NA,NA,NA,NA,NA,NA,NA,NA
L04-672-1,2022-06-29,Partial - Significant Distance,Flowing,Yes,Yes,0.107706,0.059,ELTORO,FALSE,{9559CB47-0239-4B3A-B6FF-38E557824BEC},0.083353,MY2021-22,0.05751356999999999,4969.172447999999,NA,NA,NA,NA,NA,NA,NA,NA,NA,NA,NA,NA
L04-672-1,2022-08-23,Partial - Significant Distance,Flowing,Yes,Yes,NA,0.05,ELTORO,FALSE,{9559CB47-0239-4B3A-B6FF-38E557824BEC},0.05,MY2021-22,0.034499999999999996,2980.7999999999997,NA,NA,NA,NA,NA,NA,NA,NA,NA,NA,NA,NA
L04-702-1 (L04P02),2022-08-02,Direct Connection,Flowing,Yes,,0.057143,NA,SULPHURCREEK,FALSE,{7FD1636E-ED34-4FE6-8232-0809F76D4268},0.057143,MY2021-22,0.03942867,3406.6370880000004,NA,NA,NA,NA,NA,NA,NA,NA,NA,NA,NA,NA
L04-702-4,2022-08-02,None - Flow Infiltrates or Outfall is Dry,Dry,Unknown,,0,0,SULPHURCREEK,FALSE,{9429FA86-6A47-441F-8775-95A2DA9CACC7},0,MY2021-22,0,0,NA,NA,NA,NA,NA,NA,NA,NA,NA,NA,NA,NA
L04-702-4,2022-09-01,None - Flow Infiltrates or Outfall is Dry,Dry,Unknown,,0,0,SULPHURCREEK,FALSE,{9429FA86-6A47-441F-8775-95A2DA9CACC7},0,MY2021-22,0,0,NA,NA,NA,NA,NA,NA,NA,NA,NA,NA,NA,NA
L05-049-1,2022-06-16,Direct Connection,Flowing,Yes,Yes,0.48488450000000005,NA,SULPHURCREEK,FALSE,{B2A1E667-9853-4699-9E7C-64A87D6A78B6},0.48488450000000005,MY2021-22,0.334570305,28906.874352000006,NA,NA,NA,NA,NA,NA,NA,NA,NA,NA,NA,NA
L05-049-1,2022-09-06,Direct Connection,Flowing,Yes,Yes,NA,0.163,SULPHURCREEK,FALSE,{B2A1E667-9853-4699-9E7C-64A87D6A78B6},0.163,MY2021-22,0.11247,9717.408,NA,NA,NA,NA,NA,NA,NA,NA,NA,NA,NA,NA
L05-049-2,2022-09-06,Direct Connection,Flowing,Yes,,0.2346,NA,SULPHURCREEK,FALSE,{72B47D7C-FACB-4E33-BEC8-0FB261AFA676},0.2346,MY2021-22,0.161874,13985.9136,NA,NA,NA,NA,NA,NA,NA,NA,NA,NA,NA,NA
L05-489-3,2022-06-16,Direct Connection,Flowing,Yes,Yes,1.5343335,NA,SULPHURCREEK,FALSE,{C7C5C7FF-5ABD-4100-A07F-AD4029A16E9D},1.5343335,MY2021-22,1.0586901149999999,91470.825936,NA,NA,NA,NA,NA,NA,NA,NA,NA,NA,NA,NA
L05-489-3d,2022-06-16,Direct Connection,Flowing,Yes,,1.96248,NA,SULPHURCREEK,FALSE,{AB8E0D12-8F63-49AB-B36D-666D80A86575},1.96248,MY2021-22,1.3541112,116995.20768,NA,NA,NA,NA,NA,NA,NA,NA,NA,NA,NA,NA
L05-489-3d,2022-09-06,Direct Connection,Flowing,Yes,,2.053333,NA,SULPHURCREEK,FALSE,{AB8E0D12-8F63-49AB-B36D-666D80A86575},2.053333,MY2021-22,1.4167997699999997,122411.50012799996,NA,NA,NA,NA,NA,NA,NA,NA,NA,NA,NA,NA
L05-489-7,2022-06-16,Direct Connection,Flowing,Yes,,NA,0.013,SULPHURCREEK,FALSE,{9BFA7A22-DD6F-4A84-9ABE-48063EA402CA},0.013,MY2021-22,0.008969999999999999,775.0079999999998,NA,NA,NA,NA,NA,NA,NA,NA,NA,NA,NA,NA
L05-489-7,2022-06-16,Direct Connection,Pooled or Ponded,Yes,,NA,0.013,SULPHURCREEK,FALSE,{9BFA7A22-DD6F-4A84-9ABE-48063EA402CA},0.013,MY2021-22,0.008969999999999999,775.0079999999998,NA,NA,NA,NA,NA,NA,NA,NA,NA,NA,NA,NA
L05-489-7,2022-09-06,Direct Connection,Flowing,Yes,,NA,0.028,SULPHURCREEK,FALSE,{9BFA7A22-DD6F-4A84-9ABE-48063EA402CA},0.028,MY2021-22,0.01932,1669.248,NA,NA,NA,NA,NA,NA,NA,NA,NA,NA,NA,NA
L05-503-1,2022-06-22,Direct Connection,Flowing,Yes,Yes,0.034286,NA,PALISADES,FALSE,{0D74C298-E380-451C-AD48-D54F338F6F15},0.034286,MY2021-22,0.023657339999999995,2043.9941759999997,NA,NA,NA,NA,NA,NA,NA,NA,NA,NA,NA,NA
L05-503-1,2022-09-06,Direct Connection,Flowing,Yes,Yes,0.094286,NA,PALISADES,FALSE,{0D74C298-E380-451C-AD48-D54F338F6F15},0.094286,MY2021-22,0.06505733999999999,5620.954175999999,NA,NA,NA,NA,NA,NA,NA,NA,NA,NA,NA,NA
LC01-11446-1,2022-09-07,Partial - Significant Distance,Flowing,Yes,,0.0072,NA,LAGUNABEACH,FALSE,{3BF05356-3912-4A4C-A382-01CE34EA71C0},0.0072,MY2021-22,0.004967999999999999,429.23519999999996,NA,NA,NA,NA,NA,NA,NA,NA,NA,NA,NA,NA
LC02-11508-2,2022-07-05,Direct Connection,Flowing,Yes,,0.009125,NA,LAGUNABEACH,FALSE,{39B42BE3-2E3A-4C89-B9C2-10A02F3B465A},0.009125,MY2021-22,0.006296249999999999,543.9959999999999,NA,NA,NA,NA,NA,NA,NA,NA,NA,NA,NA,NA
LC02-11508-2,2022-08-16,Undetermined,Flowing,Yes,,0.007273,NA,LAGUNABEACH,FALSE,{39B42BE3-2E3A-4C89-B9C2-10A02F3B465A},0.007273,MY2021-22,0.005018369999999999,433.587168,NA,NA,NA,NA,NA,NA,NA,NA,NA,NA,NA,NA
LC02-11508-3,2022-07-05,None - Flow Infiltrates or Outfall is Dry,Dry,Unknown,,0,0,LAGUNABEACH,FALSE,{7A79C33A-1E84-41B0-AAFC-7A7C54A33C8A},0,MY2021-22,0,0,NA,NA,NA,NA,NA,NA,NA,NA,NA,NA,NA,NA
LC02-11508-3,2022-08-16,None - Flow Infiltrates or Outfall is Dry,Dry,Unknown,,0,0,LAGUNABEACH,FALSE,{7A79C33A-1E84-41B0-AAFC-7A7C54A33C8A},0,MY2021-22,0,0,NA,NA,NA,NA,NA,NA,NA,NA,NA,NA,NA,NA
LC03-11515-1,2022-09-01,None - Flow Infiltrates or Outfall is Dry,Flowing,Yes,,0.017962,NA,LAGUNABEACH,FALSE,{886775A2-E4C3-48F3-9D28-64111BB5241F},0.017962,MY2021-22,0.012393779999999998,1070.822592,NA,NA,NA,NA,NA,NA,NA,NA,NA,NA,NA,NA
LC05-11017-1,2022-07-05,None - Flow Infiltrates or Outfall is Dry,Dry,Unknown,,0,0,LAGUNABEACH,FALSE,{24F652D0-BF65-4204-9DC3-780FC50FFC89},0,MY2021-22,0,0,NA,NA,NA,NA,NA,NA,NA,NA,NA,NA,NA,NA
LC05-11017-1,2022-08-29,None - Flow Infiltrates or Outfall is Dry,Dry,Unknown,,0,0,LAGUNABEACH,FALSE,{24F652D0-BF65-4204-9DC3-780FC50FFC89},0,MY2021-22,0,0,NA,NA,NA,NA,NA,NA,NA,NA,NA,NA,NA,NA
LC06-11019-1,2022-06-21,None - Flow Infiltrates or Outfall is Dry,Flowing,Yes,,0.12,NA,LAGUNABEACH,FALSE,{4234D10E-D9CC-4748-92EA-FECEEAEBE008},0.12,MY2021-22,0.08279999999999998,7153.919999999998,NA,NA,NA,NA,NA,NA,NA,NA,NA,NA,NA,NA
LC06-11019-1,2022-08-16,Direct Connection,Flowing,Yes,,0.00265,NA,LAGUNABEACH,FALSE,{4234D10E-D9CC-4748-92EA-FECEEAEBE008},0.00265,MY2021-22,0.0018284999999999998,157.98239999999998,NA,NA,NA,NA,NA,NA,NA,NA,NA,NA,NA,NA
LC06-11509-2,2022-06-21,None - Flow Infiltrates or Outfall is Dry,Flowing,Yes,,0.007759,NA,LAGUNABEACH,FALSE,{33142BAF-4557-481B-875A-E7A3CFFBFCB1},0.007759,MY2021-22,0.005353709999999999,462.560544,NA,NA,NA,NA,NA,NA,NA,NA,NA,NA,NA,NA
LC06-11509-2,2022-08-16,Direct Connection,Flowing,Yes,,0.013333,NA,LAGUNABEACH,FALSE,{33142BAF-4557-481B-875A-E7A3CFFBFCB1},0.013333,MY2021-22,0.00919977,794.860128,NA,NA,NA,NA,NA,NA,NA,NA,NA,NA,NA,NA
M00.1-071-2 (M00S04),2022-07-19,None - Flow Infiltrates or Outfall is Dry,Dry,Unknown,,0,0,PALISADES,FALSE,{8E421913-F6B8-41F6-B51D-B3916452A11D},0,MY2021-22,0,0,NA,NA,NA,NA,NA,NA,NA,NA,NA,NA,NA,NA
M00.1-071-2 (M00S04),2022-08-30,None - Flow Infiltrates or Outfall is Dry,Dry,Unknown,,0,0,PALISADES,FALSE,{8E421913-F6B8-41F6-B51D-B3916452A11D},0,MY2021-22,0,0,NA,NA,NA,NA,NA,NA,NA,NA,NA,NA,NA,NA
M00.2-066-1 (M00S07),2022-07-19,Partial - Significant Distance,Flowing,Yes,,0.00625,NA,PALISADES,FALSE,{5554CB30-DBF5-4F05-9145-3024520F5CD4},0.00625,MY2021-22,0.0043124999999999995,372.59999999999997,NA,NA,NA,NA,NA,NA,NA,NA,NA,NA,NA,NA
M01-038-3,2022-07-26,Direct Connection,Flowing,Yes,,1.8e-5,NA,PALISADES,FALSE,{0DF4331E-C350-41BF-969E-1D66F2881789},1.8e-5,MY2021-22,1.242e-5,1.073088,NA,NA,NA,NA,NA,NA,NA,NA,NA,NA,NA,NA
M01-038-3,2022-09-15,Direct Connection,Flowing,Yes,,0.0192,NA,PALISADES,FALSE,{0DF4331E-C350-41BF-969E-1D66F2881789},0.0192,MY2021-22,0.013247999999999998,1144.6272,NA,NA,NA,NA,NA,NA,NA,NA,NA,NA,NA,NA
M01-038-6,2022-07-26,Direct Connection,,Yes,,0.001667,NA,PALISADES,FALSE,{AB60FC8E-0055-439B-B787-2F2FED23807A},0.001667,MY2021-22,0.00115023,99.379872,NA,NA,NA,NA,NA,NA,NA,NA,NA,NA,NA,NA
M01-038-6,2022-09-15,Direct Connection,Flowing,Yes,,0.008,NA,PALISADES,FALSE,{AB60FC8E-0055-439B-B787-2F2FED23807A},0.008,MY2021-22,0.00552,476.928,NA,NA,NA,NA,NA,NA,NA,NA,NA,NA,NA,NA
M01-042-1 (M01S01),2022-06-30,Partial - Significant Distance,Flowing,Yes,Yes,NA,0.001,PALISADES,FALSE,{D81C1D29-E0B6-4468-A3DA-A14172F34DD5},0.001,MY2021-22,6.9e-4,59.616,NA,NA,NA,NA,NA,NA,NA,NA,NA,NA,NA,NA
M01-042-1 (M01S01),2022-09-08,Partial - Significant Distance,Flowing,Yes,Yes,NA,0.001,PALISADES,FALSE,{D81C1D29-E0B6-4468-A3DA-A14172F34DD5},0.001,MY2021-22,6.9e-4,59.616,NA,NA,NA,NA,NA,NA,NA,NA,NA,NA,NA,NA
M01-047-1,2022-06-30,Direct Connection,Flowing,Yes,Yes,0.2394,NA,PALISADES,FALSE,{986D4C77-948D-4582-A23D-BF24985A8B51},0.2394,MY2021-22,0.165186,14272.0704,NA,NA,NA,NA,NA,NA,NA,NA,NA,NA,NA,NA
M01-047-1,2022-09-08,Direct Connection,Flowing,Yes,Yes,0.588387,NA,PALISADES,FALSE,{986D4C77-948D-4582-A23D-BF24985A8B51},0.588387,MY2021-22,0.40598702999999997,35077.279392,NA,NA,NA,NA,NA,NA,NA,NA,NA,NA,NA,NA
M01-050-4 (M01@CGV),2022-07-26,Direct Connection,Flowing,Yes,,NA,0.013,PALISADES,FALSE,{0B20DCA2-E5EF-49F5-AEA0-7EF86C614A49},0.013,MY2021-22,0.008969999999999999,775.0079999999998,NA,NA,NA,NA,NA,NA,NA,NA,NA,NA,NA,NA
M01-050-4 (M01@CGV),2022-09-15,Direct Connection,,Yes,,NA,0.011,PALISADES,FALSE,{0B20DCA2-E5EF-49F5-AEA0-7EF86C614A49},0.011,MY2021-22,0.007589999999999999,655.7759999999998,NA,NA,NA,NA,NA,NA,NA,NA,NA,NA,NA,NA
M01-050-4 (M01@CGV),2022-09-15,Direct Connection,Flowing,Yes,,NA,0.011,PALISADES,FALSE,{0B20DCA2-E5EF-49F5-AEA0-7EF86C614A49},0.011,MY2021-22,0.007589999999999999,655.7759999999998,NA,NA,NA,NA,NA,NA,NA,NA,NA,NA,NA,NA
M01-050-7,2022-07-26,None - Flow Infiltrates or Outfall is Dry,Dry,Unknown,,0,0,PALISADES,FALSE,{C9AF768A-2A02-4DA5-A0A2-B1935AC72D2C},0,MY2021-22,0,0,NA,NA,NA,NA,NA,NA,NA,NA,NA,NA,NA,NA
M01-050-7,2022-09-15,Direct Connection,Flowing,Unknown,,8e-6,NA,PALISADES,FALSE,{C9AF768A-2A02-4DA5-A0A2-B1935AC72D2C},8e-6,MY2021-22,5.52e-6,0.4769279999999999,NA,NA,NA,NA,NA,NA,NA,NA,NA,NA,NA,NA
M01-060-3,2022-07-20,Partial - Significant Distance,Flowing,Yes,,0.476809,NA,PALISADES,FALSE,{7E285DCF-C197-4473-A6A6-DE27863098BF},0.476809,MY2021-22,0.32899820999999996,28425.445343999992,NA,NA,NA,NA,NA,NA,NA,NA,NA,NA,NA,NA
M01-060-3,2022-09-28,Direct Connection,Flowing,Yes,,0.843429,NA,PALISADES,FALSE,{7E285DCF-C197-4473-A6A6-DE27863098BF},0.843429,MY2021-22,0.5819660099999999,50281.863263999985,NA,NA,NA,NA,NA,NA,NA,NA,NA,NA,NA,NA
M01-099-1,2022-07-26,Direct Connection,Flowing,Yes,,NA,0.005,PALISADES,FALSE,{43A185DF-1F9A-4C1C-9F07-AA2BE1E7BCB9},0.005,MY2021-22,0.00345,298.08,NA,NA,NA,NA,NA,NA,NA,NA,NA,NA,NA,NA
M01-099-1,2022-09-15,Direct Connection,Flowing,Yes,,NA,0.006,PALISADES,FALSE,{43A185DF-1F9A-4C1C-9F07-AA2BE1E7BCB9},0.006,MY2021-22,0.00414,357.69599999999997,NA,NA,NA,NA,NA,NA,NA,NA,NA,NA,NA,NA
M01-124-2,2022-07-26,Direct Connection,Flowing,Yes,,NA,0.004,PALISADES,FALSE,{B4FCF9CC-A9DE-46B1-8099-5EE10514BE7E},0.004,MY2021-22,0.00276,238.464,NA,NA,NA,NA,NA,NA,NA,NA,NA,NA,NA,NA
M01-124-2,2022-09-15,Direct Connection,Flowing,Yes,,NA,0.002,PALISADES,FALSE,{B4FCF9CC-A9DE-46B1-8099-5EE10514BE7E},0.002,MY2021-22,0.00138,119.232,NA,NA,NA,NA,NA,NA,NA,NA,NA,NA,NA,NA
M01-124-4,2022-09-15,Partial - Significant Distance,Flowing,Unknown,,0.0012,NA,PALISADES,FALSE,{FA68CCE1-A2A8-414F-8411-9E05511C841E},0.0012,MY2021-22,8.279999999999999e-4,71.5392,NA,NA,NA,NA,NA,NA,NA,NA,NA,NA,NA,NA
M02-032-1,2022-06-30,Direct Connection,Flowing,Yes,Yes,0.10395,NA,PALISADES,FALSE,{2B10F0C1-0E21-4FE4-B6F6-8806D0E7CC45},0.10395,MY2021-22,0.0717255,6197.083200000001,NA,NA,NA,NA,NA,NA,NA,NA,NA,NA,NA,NA
M02-032-1,2022-09-08,Direct Connection,Flowing,Yes,Yes,0.285,NA,PALISADES,FALSE,{2B10F0C1-0E21-4FE4-B6F6-8806D0E7CC45},0.285,MY2021-22,0.19664999999999996,16990.559999999998,NA,NA,NA,NA,NA,NA,NA,NA,NA,NA,NA,NA
M02-052-2,2022-07-28,Direct Connection,Flowing,Yes,Yes,0.368415,NA,PALISADES,FALSE,{43B4EE36-979D-4FA8-83C9-4BFA81FACC97},0.368415,MY2021-22,0.25420634999999997,21963.42864,NA,NA,NA,NA,NA,NA,NA,NA,NA,NA,NA,NA
M02-052-3,2022-09-08,Direct Connection,,Yes,,NA,0.002,PALISADES,FALSE,{E7B21F39-AB19-4339-B5EA-533C4BDF4CF1},0.002,MY2021-22,0.00138,119.232,NA,NA,NA,NA,NA,NA,NA,NA,NA,NA,NA,NA
M02-052-3,2022-09-08,Direct Connection,Flowing,Yes,,NA,0.002,PALISADES,FALSE,{E7B21F39-AB19-4339-B5EA-533C4BDF4CF1},0.002,MY2021-22,0.00138,119.232,NA,NA,NA,NA,NA,NA,NA,NA,NA,NA,NA,NA
M02-052-4,2022-09-08,Direct Connection,,Yes,,NA,0.002,PALISADES,FALSE,{3CDC86F8-F190-45F4-8430-F50DADFD797B},0.002,MY2021-22,0.00138,119.232,NA,NA,NA,NA,NA,NA,NA,NA,NA,NA,NA,NA
M02-052-4,2022-09-08,Direct Connection,,Yes,,NA,0.01,PALISADES,FALSE,{3CDC86F8-F190-45F4-8430-F50DADFD797B},0.01,MY2021-22,0.0069,596.16,NA,NA,NA,NA,NA,NA,NA,NA,NA,NA,NA,NA
M02-052-4,2022-09-08,Direct Connection,Flowing,Yes,,NA,0.002,PALISADES,FALSE,{3CDC86F8-F190-45F4-8430-F50DADFD797B},0.002,MY2021-22,0.00138,119.232,NA,NA,NA,NA,NA,NA,NA,NA,NA,NA,NA,NA
M02-052-4,2022-09-08,Direct Connection,Flowing,Yes,,NA,0.01,PALISADES,FALSE,{3CDC86F8-F190-45F4-8430-F50DADFD797B},0.01,MY2021-22,0.0069,596.16,NA,NA,NA,NA,NA,NA,NA,NA,NA,NA,NA,NA
M02-061-4 (SCBS@M02),2022-07-20,Direct Connection,Flowing,Yes,,0.007097,NA,PALISADES,FALSE,{C461CAC3-1849-40E8-B3F7-D3281D347977},0.007097,MY2021-22,0.00489693,423.094752,NA,NA,NA,NA,NA,NA,NA,NA,NA,NA,NA,NA
M02-061-5,2022-07-20,None - Flow Infiltrates or Outfall is Dry,Dry,Unknown,,0,0,PALISADES,FALSE,{CDF7BCAC-53C5-4BB5-A35D-E02581964FBA},0,MY2021-22,0,0,NA,NA,NA,NA,NA,NA,NA,NA,NA,NA,NA,NA
M02-061-5,2022-08-24,None - Flow Infiltrates or Outfall is Dry,Dry,Unknown,,0,0,PALISADES,FALSE,{CDF7BCAC-53C5-4BB5-A35D-E02581964FBA},0,MY2021-22,0,0,NA,NA,NA,NA,NA,NA,NA,NA,NA,NA,NA,NA
M02-085-1 (M02P06),2022-06-30,Direct Connection,Flowing,Yes,Yes,NA,0.016,PALISADES,FALSE,{646C237D-26C0-4619-ADE0-A6C6ECD59481},0.016,MY2021-22,0.01104,953.856,NA,NA,NA,NA,NA,NA,NA,NA,NA,NA,NA,NA
M02-085-1 (M02P06),2022-09-08,Direct Connection,Flowing,Yes,Yes,NA,0.011,PALISADES,FALSE,{646C237D-26C0-4619-ADE0-A6C6ECD59481},0.011,MY2021-22,0.007589999999999999,655.7759999999998,NA,NA,NA,NA,NA,NA,NA,NA,NA,NA,NA,NA
M02-085-2,2022-06-30,Direct Connection,Flowing,Yes,Yes,NA,0.027,PALISADES,FALSE,{1D128A62-EF51-4A28-936B-8E020EBC129D},0.027,MY2021-22,0.018629999999999997,1609.632,NA,NA,NA,NA,NA,NA,NA,NA,NA,NA,NA,NA
M02-085-2,2022-09-08,Direct Connection,Flowing,Yes,Yes,NA,0.032,PALISADES,FALSE,{1D128A62-EF51-4A28-936B-8E020EBC129D},0.032,MY2021-22,0.02208,1907.712,NA,NA,NA,NA,NA,NA,NA,NA,NA,NA,NA,NA
M02-086-1,2022-07-26,None - Flow Infiltrates or Outfall is Dry,Dry,Unknown,,0,0,PALISADES,FALSE,{F86F746E-958B-4AF4-8B9D-F230E1352261},0,MY2021-22,0,0,NA,NA,NA,NA,NA,NA,NA,NA,NA,NA,NA,NA
M02-142-1,2022-07-20,None - Flow Infiltrates or Outfall is Dry,Dry,Unknown,,0,0,PALISADES,FALSE,{EC5901D7-35FC-4050-9794-9A9E94520BB5},0,MY2021-22,0,0,NA,NA,NA,NA,NA,NA,NA,NA,NA,NA,NA,NA
SC02-072-1,2022-07-19,None - Flow Infiltrates or Outfall is Dry,Dry,Unknown,,0,0,PALISADES,FALSE,{8A0FEF34-0DE6-4AF1-B1AB-92EF23F35237},0,MY2021-22,0,0,NA,NA,NA,NA,NA,NA,NA,NA,NA,NA,NA,NA
SC02-072-1,2022-08-30,None - Flow Infiltrates or Outfall is Dry,Dry,Unknown,,0,0,PALISADES,FALSE,{8A0FEF34-0DE6-4AF1-B1AB-92EF23F35237},0,MY2021-22,0,0,NA,NA,NA,NA,NA,NA,NA,NA,NA,NA,NA,NA
SC03-067-1,2022-07-19,None - Flow Infiltrates or Outfall is Dry,Dry,Unknown,,0,0,PALISADES,FALSE,{9F0C26C8-D63A-4809-AD72-C714A780C1C6},0,MY2021-22,0,0,NA,NA,NA,NA,NA,NA,NA,NA,NA,NA,NA,NA
SC03-067-1,2022-08-30,None - Flow Infiltrates or Outfall is Dry,Dry,Unknown,,0,0,PALISADES,FALSE,{9F0C26C8-D63A-4809-AD72-C714A780C1C6},0,MY2021-22,0,0,NA,NA,NA,NA,NA,NA,NA,NA,NA,NA,NA,NA
SC06-146-1 (M00P02),2022-07-19,Partial - Significant Distance,Flowing,Yes,,0.003651,NA,PALISADES,FALSE,{839E2352-454E-4F0A-8BF2-3ECBF7506A2F},0.003651,MY2021-22,0.0025191899999999997,217.658016,NA,NA,NA,NA,NA,NA,NA,NA,NA,NA,NA,NA
SC06-146-2 (M00P02),2022-07-19,Direct Connection,Flowing,Yes,,0.075,NA,PALISADES,FALSE,{39F60971-71F5-4FB5-A552-55C3B268E8F1},0.075,MY2021-22,0.05175,4471.200000000001,NA,NA,NA,NA,NA,NA,NA,NA,NA,NA,NA,NA
SC07-079-4,2022-07-20,Direct Connection,Flowing,Yes,,0.0075,NA,PALISADES,FALSE,{2469619B-A75B-4EF1-A5FC-DCC2D95A044B},0.0075,MY2021-22,0.005174999999999999,447.1199999999999,NA,NA,NA,NA,NA,NA,NA,NA,NA,NA,NA,NA
SC07-079-4,2022-09-23,Direct Connection,Flowing,Yes,,0.006,NA,PALISADES,FALSE,{2469619B-A75B-4EF1-A5FC-DCC2D95A044B},0.006,MY2021-22,0.00414,357.69599999999997,NA,NA,NA,NA,NA,NA,NA,NA,NA,NA,NA,NA
SC07-079-5,2022-09-23,Direct Connection,Flowing,Yes,,0.0144,NA,PALISADES,FALSE,{03864DBD-D87D-474A-A6EE-7F78E41DD1AA},0.0144,MY2021-22,0.009935999999999999,858.4703999999999,NA,NA,NA,NA,NA,NA,NA,NA,NA,NA,NA,NA
SC10-075-1 (M00P05),2022-09-23,Direct Connection,Flowing,Yes,,0.006,NA,PALISADES,FALSE,{A312578F-E3A9-4101-A4A6-AD6BB12708E1},0.006,MY2021-22,0.00414,357.69599999999997,NA,NA,NA,NA,NA,NA,NA,NA,NA,NA,NA,NA
SC11-026-1 (M00P01),2022-07-12,None - Flow Infiltrates or Outfall is Dry,Dry,Unknown,,0,0,PALISADES,FALSE,{7BC19F3E-F96A-4680-97D9-CFCD38CE4F28},0,MY2021-22,0,0,NA,NA,NA,NA,NA,NA,NA,NA,NA,NA,NA,NA
SC11-026-1 (M00P01),2022-09-23,Partial - Significant Distance,Flowing,Unknown,,NA,0.008,PALISADES,FALSE,{7BC19F3E-F96A-4680-97D9-CFCD38CE4F28},0.008,MY2021-22,0.00552,476.928,NA,NA,NA,NA,NA,NA,NA,NA,NA,NA,NA,NA
SC11-035-2d,2022-07-12,None - Flow Infiltrates or Outfall is Dry,Dry,Unknown,,0,0,DANAPOINT,FALSE,{0E4D95D6-8AD7-457D-929B-ABD734ED7531},0,MY2021-22,0,0,NA,NA,NA,NA,NA,NA,NA,NA,NA,NA,NA,NA
SC11-035-3d,2022-07-12,None - Flow Infiltrates or Outfall is Dry,Dry,Unknown,,0,0,PALISADES,FALSE,{BBC10ACC-C12B-4BF8-854C-F341793E1E96},0,MY2021-22,0,0,NA,NA,NA,NA,NA,NA,NA,NA,NA,NA,NA,NA
SC11-035-3d,2022-09-23,None - Flow Infiltrates or Outfall is Dry,Dry,Unknown,,0,0,PALISADES,FALSE,{BBC10ACC-C12B-4BF8-854C-F341793E1E96},0,MY2021-22,0,0,NA,NA,NA,NA,NA,NA,NA,NA,NA,NA,NA,NA
SC12-068-2,2022-07-19,Partial - Significant Distance,Flowing,Yes,,0.006217,NA,PALISADES,FALSE,{98B44F39-2446-4B60-A2A7-E75C37BDE055},0.006217,MY2021-22,0.00428973,370.632672,NA,NA,NA,NA,NA,NA,NA,NA,NA,NA,NA,NA
SC12-068-2,2022-09-23,Partial - Significant Distance,Flowing,Yes,,0.021,NA,PALISADES,FALSE,{98B44F39-2446-4B60-A2A7-E75C37BDE055},0.021,MY2021-22,0.01449,1251.936,NA,NA,NA,NA,NA,NA,NA,NA,NA,NA,NA,NA
SC12-068-4,2022-07-19,Partial - Significant Distance,Flowing,Unknown,,3.08e-4,NA,PALISADES,FALSE,{8EA7D45C-F7B0-4458-86E9-AD604FC84803},3.08e-4,MY2021-22,2.1251999999999998e-4,18.361728,NA,NA,NA,NA,NA,NA,NA,NA,NA,NA,NA,NA
SC12-068-4,2022-08-08,None - Flow Infiltrates or Outfall is Dry,Dry,Unknown,,0,0,PALISADES,FALSE,{8EA7D45C-F7B0-4458-86E9-AD604FC84803},0,MY2021-22,0,0,NA,NA,NA,NA,NA,NA,NA,NA,NA,NA,NA,NA
J01-9224-1 (J01P24),2022-08-10,NA,Flowing,Yes,Yes,0.004,NA,SULPHURCREEK,FALSE,{0066DC99-7D9F-42BE-ABDB-C06A68E52A0F},0.004,MY2021-22,0.00276,238.464,NA,NA,NA,NA,NA,NA,0.005,NA,NA,NA,NA,432
L01-728-4,2022-09-14,NA,Flowing,Unknown,,0.021,NA,DANAPOINT,FALSE,{87F2F346-2A95-465B-9529-A030D3DAEC5F},0.021,MY2021-22,0.01449,1251.936,NA,NA,NA,NA,NA,NA,NA,NA,NA,NA,NA,NA
L03-074-2,2022-08-09,NA,Flowing,Yes,,0.00848,NA,ELTORO,FALSE,{6A5E6BA4-3561-44F0-907D-3D9775BDE62E},0.00848,MY2021-22,0.005851199999999999,505.5436799999999,NA,NA,NA,NA,NA,NA,NA,NA,NA,NA,NA,NA
L03-172-2,2022-08-09,NA,Flowing,Yes,,0.010891499999999998,NA,TRABUCO,FALSE,{F5690724-C245-4E1E-8E50-C527FA115971},0.010891499999999998,MY2021-22,0.007515134999999998,649.3076639999999,NA,NA,NA,NA,NA,NA,NA,NA,NA,NA,NA,NA
M02-052-3,2022-07-28,NA,Flowing,Yes,,NA,0.002,PALISADES,FALSE,{E7B21F39-AB19-4339-B5EA-533C4BDF4CF1},0.002,MY2021-22,0.00138,119.232,NA,NA,NA,NA,NA,NA,NA,NA,NA,NA,NA,NA
K01-12032-2 (K01P11),NA,NA,NA,NA,NA,NA,NA,NA,NA,NA,NA,MY2015-16,NA,NA,0.186875,NA,NA,NA,NA,NA,NA,16146,NA,NA,NA,NA
K01-12036-1,NA,NA,NA,NA,NA,NA,NA,NA,NA,NA,NA,MY2015-16,NA,NA,0.10354513888888889,NA,NA,NA,NA,NA,NA,8946.3,NA,NA,NA,NA
K01-12155-1,NA,NA,NA,NA,NA,NA,NA,NA,NA,NA,NA,MY2015-16,NA,NA,6.597222222222223e-5,NA,NA,NA,NA,NA,NA,5.7,NA,NA,NA,NA
K01-12155-5,NA,NA,NA,NA,NA,NA,NA,NA,NA,NA,NA,MY2015-16,NA,NA,0.012611111111111111,NA,NA,NA,NA,NA,NA,1089.6000000000001,NA,NA,NA,NA
L01-242-1 (L07P16),NA,NA,NA,NA,NA,NA,NA,NA,NA,NA,NA,MY2015-16,NA,NA,0.0032239583333333335,NA,NA,NA,NA,NA,NA,278.55,NA,NA,NA,NA
L01-760-1,NA,NA,NA,NA,NA,NA,NA,NA,NA,NA,NA,MY2015-16,NA,NA,0.019652279458333335,NA,NA,NA,NA,NA,NA,1697.9569452,NA,NA,NA,NA
L02-166-3 (L02P26),NA,NA,NA,NA,NA,NA,NA,NA,NA,NA,NA,MY2015-16,NA,NA,0.22565921052631577,NA,NA,NA,NA,NA,NA,19496.955789473683,NA,NA,NA,NA
L02-246-1 (L11P01),NA,NA,NA,NA,NA,NA,NA,NA,NA,NA,NA,MY2015-16,NA,NA,0.027696428571428573,NA,NA,NA,NA,NA,NA,2392.971428571429,NA,NA,NA,NA
L02-374-1 (L02P50),NA,NA,NA,NA,NA,NA,NA,NA,NA,NA,NA,MY2015-16,NA,NA,0.07012847222222222,NA,NA,NA,NA,NA,NA,6059.1,NA,NA,NA,NA
L02-640-1 (L11P02),NA,NA,NA,NA,NA,NA,NA,NA,NA,NA,NA,MY2015-16,NA,NA,0.06861458333333334,NA,NA,NA,NA,NA,NA,5928.3,NA,NA,NA,NA
L02-641-2,NA,NA,NA,NA,NA,NA,NA,NA,NA,NA,NA,MY2015-16,NA,NA,0.017329861111111112,NA,NA,NA,NA,NA,NA,1497.3000000000002,NA,NA,NA,NA
L03-141-1,NA,NA,NA,NA,NA,NA,NA,NA,NA,NA,NA,MY2015-16,NA,NA,0.020870833333333335,NA,NA,NA,NA,NA,NA,1803.2400000000002,NA,NA,NA,NA
L03-662-3 (L03P16),NA,NA,NA,NA,NA,NA,NA,NA,NA,NA,NA,MY2015-16,NA,NA,0.041543750000000004,NA,NA,NA,NA,NA,NA,3589.38,NA,NA,NA,NA
L03-691-1 (L03P09),NA,NA,NA,NA,NA,NA,NA,NA,NA,NA,NA,MY2015-16,NA,NA,0.19257291666666668,NA,NA,NA,NA,NA,NA,16638.300000000003,NA,NA,NA,NA
L04-136-1u (L04P07),NA,NA,NA,NA,NA,NA,NA,NA,NA,NA,NA,MY2015-16,NA,NA,0.6856354166666666,NA,NA,NA,NA,NA,NA,59238.899999999994,NA,NA,NA,NA
M00.1-071-3 (M00S04),NA,NA,NA,NA,NA,NA,NA,NA,NA,NA,NA,MY2015-16,NA,NA,0.014670138888888889,NA,NA,NA,NA,NA,NA,1267.5,NA,NA,NA,NA
M01-042-1 (M01S01),NA,NA,NA,NA,NA,NA,NA,NA,NA,NA,NA,MY2015-16,NA,NA,0.09892013888888888,NA,NA,NA,NA,NA,NA,8546.699999999999,NA,NA,NA,NA
M02-015-1,NA,NA,NA,NA,NA,NA,NA,NA,NA,NA,NA,MY2015-16,NA,NA,0.011802083333333333,NA,NA,NA,NA,NA,NA,1019.6999999999999,NA,NA,NA,NA
M02-052-2,NA,NA,NA,NA,NA,NA,NA,NA,NA,NA,NA,MY2015-16,NA,NA,0.49208665074309976,NA,NA,NA,NA,NA,NA,42516.28662420382,NA,NA,NA,NA
M02-085-1 (M02P06),NA,NA,NA,NA,NA,NA,NA,NA,NA,NA,NA,MY2015-16,NA,NA,0.05750347222222222,NA,NA,NA,NA,NA,NA,4968.299999999999,NA,NA,NA,NA
M02-085-2,NA,NA,NA,NA,NA,NA,NA,NA,NA,NA,NA,MY2015-16,NA,NA,0.22817708333333334,NA,NA,NA,NA,NA,NA,19714.5,NA,NA,NA,NA
K01-12036-10,NA,NA,NA,NA,NA,NA,NA,NA,NA,NA,NA,MY2015-16,NA,NA,NA,0.011220004021657291,NA,NA,NA,NA,NA,NA,969.4083474711899,NA,NA,NA
K01-12036-5,NA,NA,NA,NA,NA,NA,NA,NA,NA,NA,NA,MY2015-16,NA,NA,NA,0.06728022225347222,NA,NA,NA,NA,NA,NA,5813.011202699999,NA,NA,NA
K01-12138-1 (K01TBN1),NA,NA,NA,NA,NA,NA,NA,NA,NA,NA,NA,MY2015-16,NA,NA,NA,0.003953206753253942,NA,NA,NA,NA,NA,NA,341.55706348114063,NA,NA,NA
L01-724-1 (L01S01),NA,NA,NA,NA,NA,NA,NA,NA,NA,NA,NA,MY2015-16,NA,NA,NA,0.04072199895845022,NA,NA,NA,NA,NA,NA,3518.380710010099,NA,NA,NA
L01-747-2,NA,NA,NA,NA,NA,NA,NA,NA,NA,NA,NA,MY2015-16,NA,NA,NA,0.014113909013649426,NA,NA,NA,NA,NA,NA,1219.4417387793105,NA,NA,NA
L03-455-5,NA,NA,NA,NA,NA,NA,NA,NA,NA,NA,NA,MY2015-16,NA,NA,NA,0.02460640738023983,NA,NA,NA,NA,NA,NA,2125.9935976527213,NA,NA,NA
L03-455-7,NA,NA,NA,NA,NA,NA,NA,NA,NA,NA,NA,MY2015-16,NA,NA,NA,0.02795114971216852,NA,NA,NA,NA,NA,NA,2414.97933513136,NA,NA,NA
L03-693-1 (L03P11),NA,NA,NA,NA,NA,NA,NA,NA,NA,NA,NA,MY2015-16,NA,NA,NA,0.10221324522740974,NA,NA,NA,NA,NA,NA,8831.2243876482,NA,NA,NA
L05-049-1,NA,NA,NA,NA,NA,NA,NA,NA,NA,NA,NA,MY2015-16,NA,NA,NA,0.05858135636010104,NA,NA,NA,NA,NA,NA,5061.42918951273,NA,NA,NA
L05-489-7,NA,NA,NA,NA,NA,NA,NA,NA,NA,NA,NA,MY2015-16,NA,NA,NA,0.04112055370010933,NA,NA,NA,NA,NA,NA,3552.8158396894455,NA,NA,NA
L01-728-7 (L01S03),NA,NA,NA,NA,NA,NA,NA,NA,NA,NA,NA,MY2016-17,NA,NA,0.018634821684027778,NA,NA,NA,NA,NA,NA,1610.0485934999997,NA,NA,NA,NA
L03-708-11 (L03P05),NA,NA,NA,NA,NA,NA,NA,NA,NA,NA,NA,MY2016-17,NA,NA,0.020666666666666667,NA,NA,NA,NA,NA,NA,1785.6000000000001,NA,NA,NA,NA
L03-708-13,NA,NA,NA,NA,NA,NA,NA,NA,NA,NA,NA,MY2016-17,NA,NA,0.012916666666666667,NA,NA,NA,NA,NA,NA,1116,NA,NA,NA,NA
L03-708-9,NA,NA,NA,NA,NA,NA,NA,NA,NA,NA,NA,MY2016-17,NA,NA,0.04103472222222222,NA,NA,NA,NA,NA,NA,3545.3999999999996,NA,NA,NA,NA
M02-052-3,NA,NA,NA,NA,NA,NA,NA,NA,NA,NA,NA,MY2016-17,NA,NA,0.1990981818181818,NA,NA,NA,NA,NA,NA,17202.08290909091,NA,NA,NA,NA
L01-372-1,NA,NA,NA,NA,NA,NA,NA,NA,NA,NA,NA,MY2016-17,NA,NA,NA,0.01437539914869843,NA,NA,NA,NA,NA,NA,1242.0344864475444,NA,NA,NA
L01-727-1 (L01S04),NA,NA,NA,NA,NA,NA,NA,NA,NA,NA,NA,MY2016-17,NA,NA,NA,0.04569022588628972,NA,NA,NA,NA,NA,NA,3947.6355165754326,NA,NA,NA
L01-747-2,NA,NA,NA,NA,NA,NA,NA,NA,NA,NA,NA,MY2016-17,NA,NA,NA,0.008449599617608104,NA,NA,NA,NA,NA,NA,730.0454069613402,NA,NA,NA
L02-622-2 (L02P32),NA,NA,NA,NA,NA,NA,NA,NA,NA,NA,NA,MY2016-17,NA,NA,NA,0.08014334614430532,NA,NA,NA,NA,NA,NA,6924.38510686798,NA,NA,NA
L05-489-7,NA,NA,NA,NA,NA,NA,NA,NA,NA,NA,NA,MY2016-17,NA,NA,NA,0.031299802123205524,NA,NA,NA,NA,NA,NA,2704.3029034449573,NA,NA,NA
M02-052-3,NA,NA,NA,NA,NA,NA,NA,NA,NA,NA,NA,MY2017-18,NA,NA,0.1455037037037037,NA,NA,NA,NA,NA,NA,12571.519999999999,NA,NA,NA,NA
L03-418-8,NA,NA,NA,NA,NA,NA,NA,NA,NA,NA,NA,MY2017-18,NA,NA,NA,NA,0.031203619210550773,NA,NA,NA,NA,NA,NA,2695.9926997915873,NA,NA
L01-728-7 (L01S03),NA,NA,NA,NA,NA,NA,NA,NA,NA,NA,NA,MY2018-19,NA,NA,NA,NA,NA,0.030155486100694445,NA,NA,NA,NA,NA,NA,NA,NA
J03-9216-2,NA,NA,NA,NA,NA,NA,NA,NA,NA,NA,NA,MY2018-19,NA,NA,NA,NA,4.7765301036261905,NA,NA,NA,NA,NA,NA,412692.2009533029,NA,NA
J03-9221-1 (J03P02),NA,NA,NA,NA,NA,NA,NA,NA,NA,NA,NA,MY2018-19,NA,NA,NA,NA,0.10745184752777778,NA,NA,NA,NA,NA,NA,9283.8396264,NA,NA
K01-12177-1 (K01P07),NA,NA,NA,NA,NA,NA,NA,NA,NA,NA,NA,MY2018-19,NA,NA,NA,NA,0.38955985204166665,NA,NA,NA,NA,NA,NA,33657.9712164,NA,NA
L01-728-3 (L01S02),NA,NA,NA,NA,NA,NA,NA,NA,NA,NA,NA,MY2018-19,NA,NA,NA,NA,0.030157040216167767,NA,NA,NA,NA,NA,NA,2605.5682746768953,NA,NA
L01-766-2 (L01S06),NA,NA,NA,NA,NA,NA,NA,NA,NA,NA,NA,MY2018-19,NA,NA,NA,NA,0.034913814890625006,NA,NA,NA,NA,NA,NA,3016.553606550001,NA,NA
L03-073-3,NA,NA,NA,NA,NA,NA,NA,NA,NA,NA,NA,MY2018-19,NA,NA,NA,NA,0.04261488939919075,NA,NA,NA,NA,NA,NA,3681.9264440900806,NA,NA
L03-074-1 (L03B01),NA,NA,NA,NA,NA,NA,NA,NA,NA,NA,NA,MY2018-19,NA,NA,NA,NA,0.168145371375,NA,NA,NA,NA,NA,NA,14527.7600868,NA,NA
L03-214-2 (L03P18),NA,NA,NA,NA,NA,NA,NA,NA,NA,NA,NA,MY2018-19,NA,NA,NA,NA,0.40524605960069443,NA,NA,NA,NA,NA,NA,35013.2595495,NA,NA
L03-316-3 (L03P12),NA,NA,NA,NA,NA,NA,NA,NA,NA,NA,NA,MY2018-19,NA,NA,NA,NA,0.3271125483957928,NA,NA,NA,NA,NA,NA,28262.5241813965,NA,NA
L03-418-8,NA,NA,NA,NA,NA,NA,NA,NA,NA,NA,NA,MY2018-19,NA,NA,NA,NA,0.04486474409235848,NA,NA,NA,NA,NA,NA,3876.313889579773,NA,NA
L05-489-3,NA,NA,NA,NA,NA,NA,NA,NA,NA,NA,NA,MY2018-19,NA,NA,NA,NA,0.6531883517708332,NA,NA,NA,NA,NA,NA,56435.473592999995,NA,NA
M01-050-4 (M01@CGV),NA,NA,NA,NA,NA,NA,NA,NA,NA,NA,NA,MY2018-19,NA,NA,NA,NA,0.04192496960590278,NA,NA,NA,NA,NA,NA,3622.3173739500007,NA,NA
K01-12177-1 (K01P07),NA,NA,NA,NA,NA,NA,NA,NA,NA,NA,NA,MY2019-20,NA,NA,NA,NA,0.35064829731423613,NA,NA,NA,NA,NA,NA,30296.012887950004,NA,NA
L01-728-3 (L01S02),NA,NA,NA,NA,NA,NA,NA,NA,NA,NA,NA,MY2019-20,NA,NA,NA,NA,0.032533325527171295,NA,NA,NA,NA,NA,NA,2810.8793255476,NA,NA
L01-766-2 (L01S06),NA,NA,NA,NA,NA,NA,NA,NA,NA,NA,NA,MY2019-20,NA,NA,NA,NA,0.07058019413541666,NA,NA,NA,NA,NA,NA,6098.128773299999,NA,NA
L03-073-3,NA,NA,NA,NA,NA,NA,NA,NA,NA,NA,NA,MY2019-20,NA,NA,NA,NA,0.029928076927185167,NA,NA,NA,NA,NA,NA,2585.7858465087984,NA,NA
L03-074-1 (L03B01),NA,NA,NA,NA,NA,NA,NA,NA,NA,NA,NA,MY2019-20,NA,NA,NA,NA,0.14345459281597223,NA,NA,NA,NA,NA,NA,12394.476819300002,NA,NA
L03-214-2 (L03P18),NA,NA,NA,NA,NA,NA,NA,NA,NA,NA,NA,MY2019-20,NA,NA,NA,NA,0.4154220571388889,NA,NA,NA,NA,NA,NA,35892.465736800004,NA,NA
L03-316-3 (L03P12),NA,NA,NA,NA,NA,NA,NA,NA,NA,NA,NA,MY2019-20,NA,NA,NA,NA,0.32978081246993285,NA,NA,NA,NA,NA,NA,28493.0621974022,NA,NA
L05-489-3,NA,NA,NA,NA,NA,NA,NA,NA,NA,NA,NA,MY2019-20,NA,NA,NA,NA,0.6159429267048611,NA,NA,NA,NA,NA,NA,53217.4688673,NA,NA
M01-050-4 (M01@CGV),NA,NA,NA,NA,NA,NA,NA,NA,NA,NA,NA,MY2019-20,NA,NA,NA,NA,0.03699420307291667,NA,NA,NA,NA,NA,NA,3196.2991455,NA,NA
L01-340-1,NA,NA,NA,NA,NA,NA,NA,NA,NA,NA,NA,MY2020-21,NA,NA,NA,NA,NA,NA,0.012154513888888888,NA,NA,NA,NA,NA,1050.15,NA
L01-404-1,NA,NA,NA,NA,NA,NA,NA,NA,NA,NA,NA,MY2020-21,NA,NA,NA,NA,NA,NA,0.025203125,NA,NA,NA,NA,NA,2177.55,NA
L01-760-2,NA,NA,NA,NA,NA,NA,NA,NA,NA,NA,NA,MY2020-21,NA,NA,NA,NA,NA,NA,0.022335069444444446,NA,NA,NA,NA,NA,1929.75,NA
L02-166-3 (L02P26),NA,NA,NA,NA,NA,NA,NA,NA,NA,NA,NA,MY2020-21,NA,NA,NA,NA,NA,NA,0.04134722222222222,NA,NA,NA,NA,NA,3572.3999999999996,NA
L03-693-1 (L03P11),NA,NA,NA,NA,NA,NA,NA,NA,NA,NA,NA,MY2020-21,NA,NA,NA,NA,NA,NA,0.018729166666666668,NA,NA,NA,NA,NA,1618.1999999999998,NA
L04-266-5,NA,NA,NA,NA,NA,NA,NA,NA,NA,NA,NA,MY2020-21,NA,NA,NA,NA,NA,NA,0.3085347222222222,NA,NA,NA,NA,NA,26657.399999999998,NA
J01-9005-3,NA,NA,NA,NA,NA,NA,NA,NA,NA,NA,NA,MY2021-22,NA,NA,NA,NA,NA,NA,NA,NA,0.834,NA,NA,NA,NA,72057.6
J01-9273-1,NA,NA,NA,NA,NA,NA,NA,NA,NA,NA,NA,MY2021-22,NA,NA,NA,NA,NA,NA,NA,NA,0,NA,NA,NA,NA,0
