FacilityID,Date,FlowConnectivity,FlowCondition,PersistentFlow,SampleDry,FloatDischargeCFS,VolumeDischargeCFS,rain_gage,wet_within_72,GlobalID,QInscfs
DP01-12022-1,2022-07-12,Direct Connection,Flowing,Yes,,NA,NA,DANAPOINT,FALSE,{2930B26A-DE4C-4E36-8E9D-20B5B8F77DA9},NA
DP01-12022-1,2022-09-26,Direct Connection,Flowing,Yes,,0.0078,NA,DANAPOINT,FALSE,{2930B26A-DE4C-4E36-8E9D-20B5B8F77DA9},0.0078
DP01-12022-2,2022-07-12,None - Flow Infiltrates or Outfall is Dry,Dry,Unknown,,0,0,DANAPOINT,FALSE,{F1A20556-9AFE-4BFC-A5BD-765B4F16802D},0
DP01-12022-2,2022-09-26,None - Flow Infiltrates or Outfall is Dry,Dry,Unknown,,0,0,DANAPOINT,FALSE,{F1A20556-9AFE-4BFC-A5BD-765B4F16802D},0
DP04-12015-1,2022-07-05,None - Flow Infiltrates or Outfall is Dry,Flowing,Unknown,,NA,NA,LAGUNABEACH,FALSE,{B9E368D1-0601-4D99-B7EE-076F034D1D23},NA
DP04-12015-1,2022-09-01,None - Flow Infiltrates or Outfall is Dry,Flowing,Unknown,,NA,NA,LAGUNABEACH,FALSE,{B9E368D1-0601-4D99-B7EE-076F034D1D23},NA
DP06-12106-1,2022-07-12,Partial - Significant Distance,Pooled or Ponded,Yes,,NA,NA,DANAPOINT,FALSE,{FA96D381-A5FA-4EF8-9755-46E6C80C3DBB},NA
DP06-12106-1,2022-09-26,None - Flow Infiltrates or Outfall is Dry,Flowing,Yes,,0.09,NA,DANAPOINT,FALSE,{FA96D381-A5FA-4EF8-9755-46E6C80C3DBB},0.09
I00-11437-1,2022-06-21,None - Flow Infiltrates or Outfall is Dry,Pooled or Ponded,Yes,Yes,NA,NA,LAGUNABEACH,FALSE,{0D61E2AD-DA3C-4EE6-AD1B-32E44854CAA2},NA
I00-11437-1,2022-09-07,Undetermined,Pooled or Ponded,Yes,Yes,NA,NA,LAGUNABEACH,FALSE,{0D61E2AD-DA3C-4EE6-AD1B-32E44854CAA2},NA
I00-11453-1,2022-07-05,None - Flow Infiltrates or Outfall is Dry,Dry,Unknown,,0,0,LAGUNABEACH,FALSE,{171AC70D-B722-42FD-9ADA-813B331846A7},0
I00-11453-1,2022-08-16,None - Flow Infiltrates or Outfall is Dry,Dry,Unknown,,0,0,LAGUNABEACH,FALSE,{171AC70D-B722-42FD-9ADA-813B331846A7},0
I00-11468-1,2022-06-21,Direct Connection,Flowing,Yes,Yes,0.0192,NA,LAGUNABEACH,FALSE,{60A6CD6E-DA16-422B-8EDA-6D2EFD365167},0.0192
I00-11468-1,2022-09-07,Direct Connection,Flowing,Yes,Yes,0.005263,NA,LAGUNABEACH,FALSE,{60A6CD6E-DA16-422B-8EDA-6D2EFD365167},0.005263
I00-11518-1,2022-07-05,None - Flow Infiltrates or Outfall is Dry,Pooled or Ponded,Unknown,,NA,NA,LAGUNABEACH,FALSE,{77142EB8-ED5A-457E-A15B-0DA4FE92CCF2},NA
I00-11518-1,2022-08-16,None - Flow Infiltrates or Outfall is Dry,Dry,Unknown,,0,0,LAGUNABEACH,FALSE,{77142EB8-ED5A-457E-A15B-0DA4FE92CCF2},0
I00-11518-2,2022-07-05,Direct Connection,Flowing,Yes,,NA,NA,LAGUNABEACH,FALSE,{43927D34-5C8D-480F-9527-A565DA0C7C0C},NA
I01-11010-1,2022-06-21,Direct Connection,Flowing,Yes,Yes,0.007407,NA,LAGUNABEACH,FALSE,{25FC0B7A-A34B-48D1-86FD-00FA62D21B2B},0.007407
I01-11010-1,2022-09-07,Direct Connection,Flowing,Yes,Yes,NA,0.014,LAGUNABEACH,FALSE,{25FC0B7A-A34B-48D1-86FD-00FA62D21B2B},0.014
I01-11015-2,2022-07-21,None - Flow Infiltrates or Outfall is Dry,Dry,Unknown,,0,0,LAGUNABEACH,FALSE,{7466B2A4-CC2D-4862-BC7C-0ABA52F841B0},0
I01-11015-2,2022-09-01,None - Flow Infiltrates or Outfall is Dry,Dry,Unknown,,0,0,LAGUNABEACH,FALSE,{7466B2A4-CC2D-4862-BC7C-0ABA52F841B0},0
I01-11015-3,2022-07-21,None - Flow Infiltrates or Outfall is Dry,Dry,Unknown,,0,0,LAGUNABEACH,FALSE,{DB9C2669-FA77-4FA1-A76C-F2D11E0410E4},0
I01-11015-3,2022-09-01,None - Flow Infiltrates or Outfall is Dry,Dry,Unknown,,0,0,LAGUNABEACH,FALSE,{DB9C2669-FA77-4FA1-A76C-F2D11E0410E4},0
I01-11023-1,2022-06-21,Direct Connection,Pooled or Ponded,Yes,Yes,NA,NA,LAGUNABEACH,FALSE,{EC705F4A-8057-41AB-99F6-CDD22A7AEEDC},NA
I01-11023-1,2022-09-07,Direct Connection,Flowing,Yes,Yes,NA,NA,LAGUNABEACH,FALSE,{EC705F4A-8057-41AB-99F6-CDD22A7AEEDC},NA
I01-11023-2,2022-07-21,None - Flow Infiltrates or Outfall is Dry,Dry,Unknown,,0,0,LAGUNABEACH,FALSE,{038D9EF3-E345-4A2B-A2E8-4C86B0814F1F},0
I01-11023-2,2022-09-01,None - Flow Infiltrates or Outfall is Dry,Dry,Unknown,,0,0,LAGUNABEACH,FALSE,{038D9EF3-E345-4A2B-A2E8-4C86B0814F1F},0
I01-11023-3,2022-07-21,None - Flow Infiltrates or Outfall is Dry,Dry,Unknown,,0,0,LAGUNABEACH,FALSE,{B1E7A48B-1DC2-43B1-BE7B-17B6936EF467},0
I01-11023-3,2022-09-01,None - Flow Infiltrates or Outfall is Dry,Dry,Unknown,,0,0,LAGUNABEACH,FALSE,{B1E7A48B-1DC2-43B1-BE7B-17B6936EF467},0
I01-11023-4,2022-07-21,None - Flow Infiltrates or Outfall is Dry,Dry,Unknown,,0,0,LAGUNABEACH,FALSE,{4299039A-0613-47FF-B808-7CF8CD065E00},0
I01-11023-4,2022-09-01,None - Flow Infiltrates or Outfall is Dry,Dry,Unknown,,0,0,LAGUNABEACH,FALSE,{4299039A-0613-47FF-B808-7CF8CD065E00},0
I01-11023-5,2022-07-21,None - Flow Infiltrates or Outfall is Dry,Dry,Unknown,,0,0,LAGUNABEACH,FALSE,{37C6F748-E62C-4DCD-89A7-0CB6EFB76B47},0
I01-11023-5,2022-09-01,None - Flow Infiltrates or Outfall is Dry,Dry,Unknown,,0,0,LAGUNABEACH,FALSE,{37C6F748-E62C-4DCD-89A7-0CB6EFB76B47},0
I01-11059-1,2022-07-21,None - Flow Infiltrates or Outfall is Dry,Dry,Unknown,,0,0,LAGUNABEACH,FALSE,{C71E52F8-AC08-4469-BA89-8E02697C744D},0
I01-11059-1,2022-09-01,None - Flow Infiltrates or Outfall is Dry,Dry,Unknown,,0,0,LAGUNABEACH,FALSE,{C71E52F8-AC08-4469-BA89-8E02697C744D},0
I01-11059-2,2022-07-21,None - Flow Infiltrates or Outfall is Dry,Dry,Unknown,,0,0,LAGUNABEACH,FALSE,{8A75D24A-9302-4837-9C8D-5CEE11DCAB92},0
I01-11059-2,2022-09-01,None - Flow Infiltrates or Outfall is Dry,Dry,Unknown,,0,0,LAGUNABEACH,FALSE,{8A75D24A-9302-4837-9C8D-5CEE11DCAB92},0
I01-11059-3,2022-07-21,None - Flow Infiltrates or Outfall is Dry,Dry,Unknown,,0,0,LAGUNABEACH,FALSE,{DB859266-5BF1-4E9B-91AB-9674CD92B469},0
I01-11059-3,2022-09-01,None - Flow Infiltrates or Outfall is Dry,Dry,Unknown,,0,0,LAGUNABEACH,FALSE,{DB859266-5BF1-4E9B-91AB-9674CD92B469},0
I01-11065-1,2022-07-21,None - Flow Infiltrates or Outfall is Dry,Dry,Unknown,,0,0,LAGUNABEACH,FALSE,{343D946F-618A-4C8F-BECA-AAD6427C9CAA},0
I01-11065-1,2022-09-01,None - Flow Infiltrates or Outfall is Dry,Dry,Unknown,,0,0,LAGUNABEACH,FALSE,{343D946F-618A-4C8F-BECA-AAD6427C9CAA},0
I01-11077-1,2022-07-21,None - Flow Infiltrates or Outfall is Dry,Dry,Unknown,,0,0,LAGUNABEACH,FALSE,{ED3BCD26-6F4E-4AE2-9C8B-80EDA743C061},0
I01-11077-1,2022-09-01,None - Flow Infiltrates or Outfall is Dry,Dry,Unknown,,0,0,LAGUNABEACH,FALSE,{ED3BCD26-6F4E-4AE2-9C8B-80EDA743C061},0
I01-11077-2,2022-07-21,None - Flow Infiltrates or Outfall is Dry,Dry,Unknown,,0,0,LAGUNABEACH,FALSE,{B9DC0E18-53B8-47A3-A9E6-B022A6119F8C},0
I01-11077-2,2022-09-01,None - Flow Infiltrates or Outfall is Dry,Dry,Unknown,,0,0,LAGUNABEACH,FALSE,{B9DC0E18-53B8-47A3-A9E6-B022A6119F8C},0
I01-11093-1,2022-07-21,None - Flow Infiltrates or Outfall is Dry,Dry,Unknown,,0,0,LAGUNABEACH,FALSE,{A6CD0460-3E4D-434A-8EED-4ABA7D87A2EB},0
I01-11093-1,2022-09-01,None - Flow Infiltrates or Outfall is Dry,Dry,Unknown,,0,0,LAGUNABEACH,FALSE,{A6CD0460-3E4D-434A-8EED-4ABA7D87A2EB},0
I01-11093-2,2022-07-21,None - Flow Infiltrates or Outfall is Dry,Dry,Unknown,,0,0,LAGUNABEACH,FALSE,{50B8F0F5-D3AB-43AA-9466-0350D018EEA8},0
I01-11093-2,2022-09-01,None - Flow Infiltrates or Outfall is Dry,Dry,Unknown,,0,0,LAGUNABEACH,FALSE,{50B8F0F5-D3AB-43AA-9466-0350D018EEA8},0
I01-11216-1 (I02P13),2022-06-28,Undetermined,Pooled or Ponded,Yes,,NA,NA,ELTORO,FALSE,{407CFB17-3B6F-4280-9700-B0FD229A0C5E},NA
I01-11216-1 (I02P13),2022-09-14,Undetermined,Pooled or Ponded,Yes,,NA,NA,ELTORO,FALSE,{407CFB17-3B6F-4280-9700-B0FD229A0C5E},NA
I01-11216-2 (I02P12),2022-09-14,Undetermined,Pooled or Ponded,Yes,,NA,NA,ELTORO,FALSE,{3E6152B4-AA12-4483-A315-F2A09982301C},NA
I01-11216-3,2022-06-28,Undetermined,Pooled or Ponded,Yes,,NA,NA,ELTORO,FALSE,{DB80E054-4D2C-4D53-8065-26F13D35FE95},NA
I01-11216-3,2022-09-14,Undetermined,Pooled or Ponded,Yes,,NA,NA,ELTORO,FALSE,{DB80E054-4D2C-4D53-8065-26F13D35FE95},NA
I01-11216-4 (I02P14),2022-06-28,Undetermined,Pooled or Ponded,Yes,,NA,NA,ELTORO,FALSE,{BD8B9607-5DAE-4D8D-9B8E-9B2DC1C2A8C1},NA
I01-11216-4 (I02P14),2022-09-14,Undetermined,Pooled or Ponded,Yes,,NA,NA,ELTORO,FALSE,{BD8B9607-5DAE-4D8D-9B8E-9B2DC1C2A8C1},NA
I01-11217-1,2022-06-28,None - Flow Infiltrates or Outfall is Dry,Dry,Unknown,,0,0,ELTORO,FALSE,{6731B5BE-BAEC-490D-90D1-2CBFABE191C3},0
I01-11217-1,2022-09-14,None - Flow Infiltrates or Outfall is Dry,Pooled or Ponded,Unknown,,NA,NA,ELTORO,FALSE,{6731B5BE-BAEC-490D-90D1-2CBFABE191C3},NA
I01-11343-1,2022-06-14,None - Flow Infiltrates or Outfall is Dry,Pooled or Ponded,Yes,Yes,NA,NA,ELTORO,FALSE,{2889E41D-D4E7-47BA-843A-5A6D17AF80DF},NA
I01-11343-1,2022-08-23,Undetermined,Pooled or Ponded,Yes,Yes,NA,NA,ELTORO,FALSE,{2889E41D-D4E7-47BA-843A-5A6D17AF80DF},NA
I01-11343-2 (I02P18),2022-06-14,Undetermined,Flowing,Yes,Yes,0.003794,NA,ELTORO,FALSE,{9A50D575-FFD5-41A9-B523-61D9221779CD},0.003794
I01-11343-2 (I02P18),2022-08-23,Undetermined,Flowing,Yes,Yes,NA,0,ELTORO,FALSE,{9A50D575-FFD5-41A9-B523-61D9221779CD},0
I01-11487-1,2022-07-05,None - Flow Infiltrates or Outfall is Dry,Pooled or Ponded,Unknown,,NA,NA,LAGUNABEACH,FALSE,{5950041F-4A9F-49ED-994B-C50CD46C105C},NA
I01-11487-1,2022-08-16,Partial - Significant Distance,Pooled or Ponded,Unknown,,NA,NA,LAGUNABEACH,FALSE,{5950041F-4A9F-49ED-994B-C50CD46C105C},NA
I01-11487-2,2022-07-05,Partial - Significant Distance,Pooled or Ponded,Unknown,,NA,NA,LAGUNABEACH,FALSE,{04035718-9418-4D9D-BE25-7FB1C35BC0A0},NA
I01-11487-2,2022-08-16,Partial - Significant Distance,Pooled or Ponded,Unknown,,NA,NA,LAGUNABEACH,FALSE,{04035718-9418-4D9D-BE25-7FB1C35BC0A0},NA
I01-11503-3,2022-06-28,Partial - Significant Distance,Pooled or Ponded,Yes,,NA,NA,LAGUNABEACH,FALSE,{8617AFA3-52A5-463C-8916-03BC38AAFBC4},NA
I01-11503-3,2022-09-14,Partial - Significant Distance,Pooled or Ponded,Yes,,NA,NA,LAGUNABEACH,FALSE,{8617AFA3-52A5-463C-8916-03BC38AAFBC4},NA
I01-11503-5,2022-06-28,Direct Connection,Pooled or Ponded,Unknown,,NA,NA,LAGUNABEACH,FALSE,{CEFC14D7-9ED9-43A9-BA53-748978BC75CB},NA
I01-11503-5,2022-09-14,Direct Connection,Pooled or Ponded,Unknown,,NA,NA,LAGUNABEACH,FALSE,{CEFC14D7-9ED9-43A9-BA53-748978BC75CB},NA
J01-10004-1 (J01P01),2022-06-21,Direct Connection,Flowing,Yes,Yes,0.12916650000000002,NA,ELTORO,FALSE,{2B86E2C7-7931-456A-BDF6-8E5B829C36D2},0.12916650000000002
J01-10004-1 (J01P01),2022-06-30,Direct Connection,Flowing,Yes,Yes,0.13245,0.026,ELTORO,FALSE,{2B86E2C7-7931-456A-BDF6-8E5B829C36D2},0.079225
J01-10004-1 (J01P01),2022-08-18,Direct Connection,Pooled or Ponded,Yes,Yes,0.113333,NA,ELTORO,FALSE,{2B86E2C7-7931-456A-BDF6-8E5B829C36D2},0.113333
J01-10004-2,2022-06-21,Partial - Significant Distance,Pooled or Ponded,Yes,,NA,NA,ELTORO,FALSE,{FC0A0575-4F9F-4F48-92CC-AA2CA9B5047D},NA
J01-10004-2,2022-08-18,Partial - Significant Distance,Pooled or Ponded,Yes,,NA,NA,ELTORO,FALSE,{FC0A0575-4F9F-4F48-92CC-AA2CA9B5047D},NA
J01-10006-1,2022-06-21,None - Flow Infiltrates or Outfall is Dry,Pooled or Ponded,Yes,,NA,NA,ELTORO,FALSE,{F79CDE56-859F-4A33-BFA7-8A7FFBF9055A},NA
J01-10006-1,2022-08-09,Direct Connection,Pooled or Ponded,Yes,,NA,NA,ELTORO,FALSE,{F79CDE56-859F-4A33-BFA7-8A7FFBF9055A},NA
J01-10017-1 (J01TBN4),2022-06-28,None - Flow Infiltrates or Outfall is Dry,Flowing,Yes,,0.005,0.004,SULPHURCREEK,FALSE,{3A09A49C-9DAA-4A66-898F-7D6115463F96},0.0045000000000000005
J01-10017-1 (J01TBN4),2022-07-13,Direct Connection,Flowing,Yes,,0.0090545,0.002,SULPHURCREEK,FALSE,{3A09A49C-9DAA-4A66-898F-7D6115463F96},0.00552725
J01-10019-1 (J01P33),2022-07-13,Direct Connection,Flowing,Yes,,0.0028975,0,SULPHURCREEK,FALSE,{65AB7468-482A-4869-8212-F73F5CC03224},0.00144875
J01-10019-1 (J01P33),2022-09-14,Undetermined,Flowing,Yes,,0.0096,NA,SULPHURCREEK,FALSE,{65AB7468-482A-4869-8212-F73F5CC03224},0.0096
J01-10041-2 (J03P13),2022-06-28,Partial - Significant Distance,Pooled or Ponded,Yes,,NA,NA,SULPHURCREEK,FALSE,{30268716-5276-44DF-9485-87949570FB12},NA
J01-9005-1 (J03P05),2022-07-08,Direct Connection,Flowing,Yes,,0.020985499999999997,0.167,SULPHURCREEK,FALSE,{BEADF14B-536C-491F-AF1C-E6C6959F66BD},0.09399275
J01-9005-3,2022-07-08,Direct Connection,Flowing,Yes,,NA,NA,SULPHURCREEK,FALSE,{8D0A255A-DAB2-4BAC-A4E1-414D7DD8EA41},NA
J01-9007-1 (J02P05),2022-06-23,Undetermined,Flowing,Yes,Yes,0.056999999999999995,0.025,SULPHURCREEK,FALSE,{6367FF6D-1FC8-4E27-B1F3-A8005D44345E},0.040999999999999995
J01-9007-1 (J02P05),2022-07-13,Unsafe to Access,Flowing,Yes,Yes,0.07,0.022,SULPHURCREEK,FALSE,{6367FF6D-1FC8-4E27-B1F3-A8005D44345E},0.046
J01-9007-1 (J02P05),2022-09-08,Undetermined,Flowing,Yes,Yes,NA,0.053,SULPHURCREEK,FALSE,{6367FF6D-1FC8-4E27-B1F3-A8005D44345E},0.053
J01-9008-1 (J01P30),2022-06-28,Direct Connection,Flowing,Yes,,NA,0.007,SULPHURCREEK,FALSE,{87FF3E7F-0CD3-43AB-8A99-DD46A197D6A4},0.007
J01-9008-1 (J01P30),2022-07-01,Direct Connection,Flowing,Yes,,0.089753,0.013,SULPHURCREEK,FALSE,{87FF3E7F-0CD3-43AB-8A99-DD46A197D6A4},0.0513765
J01-9031-1,2022-06-21,Partial - Significant Distance,Pooled or Ponded,Unknown,Yes,NA,NA,TUCKER,FALSE,{845D0596-F79C-47AB-8A96-2BF5F46A5F2D},NA
J01-9031-1,2022-08-18,Partial - Significant Distance,Other - See Comments,Unknown,Yes,NA,NA,TUCKER,FALSE,{845D0596-F79C-47AB-8A96-2BF5F46A5F2D},NA
J01-9040-1,2022-04-07,Direct Connection,Flowing,Yes,,0.48125,NA,TUCKER,FALSE,{7E5CB88D-6665-452A-804A-655CBEAB830F},0.48125
J01-9040-1,2022-04-14,Direct Connection,Pooled or Ponded,Yes,,NA,NA,TUCKER,FALSE,{7E5CB88D-6665-452A-804A-655CBEAB830F},NA
J01-9040-1,2022-04-21,Direct Connection,Pooled or Ponded,Yes,,NA,NA,TUCKER,FALSE,{7E5CB88D-6665-452A-804A-655CBEAB830F},NA
J01-9040-1,2022-05-12,Direct Connection,Flowing,Yes,,0.867895,NA,TUCKER,FALSE,{7E5CB88D-6665-452A-804A-655CBEAB830F},0.867895
J01-9040-1,2022-05-19,None - Flow Infiltrates or Outfall is Dry,Pooled or Ponded,Yes,,NA,NA,TUCKER,FALSE,{7E5CB88D-6665-452A-804A-655CBEAB830F},NA
J01-9046-1,2022-06-21,Direct Connection,Pooled or Ponded,Unknown,,NA,NA,ELTORO,FALSE,{7B37BD5E-90A3-4DC7-8721-402EFF48BB71},NA
J01-9046-1,2022-06-30,None - Flow Infiltrates or Outfall is Dry,Dry,Unknown,,0,0,ELTORO,FALSE,{7B37BD5E-90A3-4DC7-8721-402EFF48BB71},0
J01-9046-1,2022-08-18,Direct Connection,Flowing,Unknown,,0.0082,NA,ELTORO,FALSE,{7B37BD5E-90A3-4DC7-8721-402EFF48BB71},0.0082
J01-9046-2,2022-06-21,Direct Connection,Pooled or Ponded,Yes,,NA,NA,ELTORO,FALSE,{2E617AF1-4DE3-4D23-81BF-39FAD4E9D040},NA
J01-9046-2,2022-06-30,Direct Connection,Flowing,Yes,,0.0040535,0,ELTORO,FALSE,{2E617AF1-4DE3-4D23-81BF-39FAD4E9D040},0.00202675
J01-9046-2,2022-08-18,Direct Connection,Pooled or Ponded,Yes,,NA,NA,ELTORO,FALSE,{2E617AF1-4DE3-4D23-81BF-39FAD4E9D040},NA
J01-9066-1 (J01P04),2022-06-21,Direct Connection,Flowing,Yes,,0.0037784999999999997,0.001,ELTORO,FALSE,{44FB9709-D45F-44FA-A0BF-A0B51C5584F8},0.00238925
J01-9066-1 (J01P04),2022-07-01,Direct Connection,Flowing,Yes,,9.75e-5,0,ELTORO,FALSE,{44FB9709-D45F-44FA-A0BF-A0B51C5584F8},4.875e-5
J01-9066-1 (J01P04),2022-08-09,Direct Connection,Flowing,Yes,,NA,0.007,ELTORO,FALSE,{44FB9709-D45F-44FA-A0BF-A0B51C5584F8},0.007
J01-9066-2 (J01P03),2022-06-21,Direct Connection,Flowing,Yes,,NA,NA,ELTORO,FALSE,{F7A1B2B3-02A7-4B84-A84B-A6BA19C83F0B},NA
J01-9066-2 (J01P03),2022-07-01,Direct Connection,Flowing,Yes,,NA,0.002,ELTORO,FALSE,{F7A1B2B3-02A7-4B84-A84B-A6BA19C83F0B},0.002
J01-9066-2 (J01P03),2022-08-09,Direct Connection,Flowing,Yes,,NA,0.015,ELTORO,FALSE,{F7A1B2B3-02A7-4B84-A84B-A6BA19C83F0B},0.015
J01-9082-2,2022-06-23,Direct Connection,Flowing,Yes,Yes,0.1,NA,SULPHURCREEK,FALSE,{D7F5B54C-C817-44EE-AD28-FD7E7AE69350},0.1
J01-9082-2,2022-07-13,Direct Connection,Flowing,Yes,Yes,0.0720715,0.013,SULPHURCREEK,FALSE,{D7F5B54C-C817-44EE-AD28-FD7E7AE69350},0.04253575
J01-9082-2,2022-08-22,Direct Connection,Flowing,Yes,Yes,NA,0.032,SULPHURCREEK,FALSE,{D7F5B54C-C817-44EE-AD28-FD7E7AE69350},0.032
J01-9082-3,2022-06-23,None - Flow Infiltrates or Outfall is Dry,Dry,Unknown,,0,0,SULPHURCREEK,FALSE,{D57375B8-DA33-4EBF-B4C6-11FF1DA7BC5E},0
J01-9082-3,2022-07-13,None - Flow Infiltrates or Outfall is Dry,Dry,Unknown,,0,0,SULPHURCREEK,FALSE,{D57375B8-DA33-4EBF-B4C6-11FF1DA7BC5E},0
J01-9082-3,2022-08-22,None - Flow Infiltrates or Outfall is Dry,Dry,Unknown,,0,0,SULPHURCREEK,FALSE,{D57375B8-DA33-4EBF-B4C6-11FF1DA7BC5E},0
J01-9082-4,2022-06-23,Direct Connection,Flowing,Yes,,0.0144,NA,SULPHURCREEK,FALSE,{AFB6CBDA-AC92-4821-99CD-EDC47B411745},0.0144
J01-9082-4,2022-07-13,Direct Connection,Flowing,Yes,,0.005,0,SULPHURCREEK,FALSE,{AFB6CBDA-AC92-4821-99CD-EDC47B411745},0.0025
J01-9082-4,2022-08-22,Direct Connection,Flowing,Yes,,NA,0.013,SULPHURCREEK,FALSE,{AFB6CBDA-AC92-4821-99CD-EDC47B411745},0.013
J01-9131-1 (J01P28),2022-06-23,Direct Connection,Flowing,Unknown,Yes,0.03,NA,SULPHURCREEK,FALSE,{3F8450D4-0881-4A9D-829A-4B4707912F53},0.03
J01-9131-1 (J01P28),2022-07-01,None - Flow Infiltrates or Outfall is Dry,Dry,Unknown,Yes,0,0,SULPHURCREEK,FALSE,{3F8450D4-0881-4A9D-829A-4B4707912F53},0
J01-9131-1 (J01P28),2022-09-08,Direct Connection,Flowing,Unknown,Yes,NA,0.011,SULPHURCREEK,FALSE,{3F8450D4-0881-4A9D-829A-4B4707912F53},0.011
J01-9144-1 (J01P23),2022-06-28,Direct Connection,Flowing,Yes,,2.85e-4,0.001,SULPHURCREEK,FALSE,{61303168-3951-41A3-9F99-5A1FBF0706F7},6.425000000000001e-4
J01-9144-1 (J01P23),2022-07-13,Direct Connection,Flowing,Yes,,NA,0,SULPHURCREEK,FALSE,{61303168-3951-41A3-9F99-5A1FBF0706F7},0
J01-9144-4 (J01P26),2022-07-13,None - Flow Infiltrates or Outfall is Dry,Pooled or Ponded,Yes,,NA,NA,SULPHURCREEK,FALSE,{55C07C97-F5A8-4AD9-BDD6-F282EF1F22F5},NA
J01-9144-4 (J01P26),2022-08-31,None - Flow Infiltrates or Outfall is Dry,Pooled or Ponded,Yes,,NA,NA,SULPHURCREEK,FALSE,{55C07C97-F5A8-4AD9-BDD6-F282EF1F22F5},NA
J01-9224-1 (J01P24),2022-06-15,Direct Connection,Flowing,Yes,Yes,0.010916499999999999,NA,SULPHURCREEK,FALSE,{0066DC99-7D9F-42BE-ABDB-C06A68E52A0F},0.010916499999999999
J01-9224-1 (J01P24),2022-07-13,Direct Connection,Pooled or Ponded,Yes,Yes,NA,NA,SULPHURCREEK,FALSE,{0066DC99-7D9F-42BE-ABDB-C06A68E52A0F},NA
J01-9224-1 (J01P24),2022-08-18,Direct Connection,Flowing,Yes,Yes,0.0165,NA,SULPHURCREEK,FALSE,{0066DC99-7D9F-42BE-ABDB-C06A68E52A0F},0.0165
J01-9224-2 (J01P25),2022-06-15,Direct Connection,Flowing,Yes,Yes,NA,NA,SULPHURCREEK,FALSE,{7BFD7882-593A-4F10-AAF7-CC4B57726763},NA
J01-9224-2 (J01P25),2022-07-13,Direct Connection,Flowing,Yes,Yes,NA,NA,SULPHURCREEK,FALSE,{7BFD7882-593A-4F10-AAF7-CC4B57726763},NA
J01-9224-2 (J01P25),2022-08-18,Direct Connection,Flowing,Yes,Yes,NA,0.019,SULPHURCREEK,FALSE,{7BFD7882-593A-4F10-AAF7-CC4B57726763},0.019
J01-9259-3,2022-06-21,None - Flow Infiltrates or Outfall is Dry,Pooled or Ponded,Yes,,NA,NA,ELTORO,FALSE,{E9D08FC2-7F70-4A86-8EF6-2A8BE2A5E6F4},NA
J01-9259-3,2022-08-09,None - Flow Infiltrates or Outfall is Dry,,Yes,,0.013396,NA,ELTORO,FALSE,{E9D08FC2-7F70-4A86-8EF6-2A8BE2A5E6F4},0.013396
J01-9264-1 (J01P06),2022-06-30,Partial - Significant Distance,Pooled or Ponded,Yes,,NA,NA,ELTORO,FALSE,{86AB9BCD-9766-418C-889A-A078524BE271},NA
J01-9264-1 (J01P06),2022-09-21,Partial - Significant Distance,Pooled or Ponded,Yes,,NA,NA,ELTORO,FALSE,{86AB9BCD-9766-418C-889A-A078524BE271},NA
J01-9273-1,2022-06-14,None - Flow Infiltrates or Outfall is Dry,Pooled or Ponded,Yes,Yes,NA,NA,ELTORO,FALSE,{1B614B52-1204-4A36-9937-3895C916CE39},NA
J01-9273-1,2022-07-01,None - Flow Infiltrates or Outfall is Dry,Pooled or Ponded,Yes,Yes,NA,NA,ELTORO,FALSE,{1B614B52-1204-4A36-9937-3895C916CE39},NA
J01-9273-1,2022-08-23,None - Flow Infiltrates or Outfall is Dry,Pooled or Ponded,Yes,Yes,NA,NA,ELTORO,FALSE,{1B614B52-1204-4A36-9937-3895C916CE39},NA
J01-9275-2,2022-06-21,None - Flow Infiltrates or Outfall is Dry,Dry,Unknown,,0,0,ELTORO,FALSE,{8DD9934B-1D0A-4A08-9886-1E1C2EF93E40},0
J01-9275-2,2022-09-01,None - Flow Infiltrates or Outfall is Dry,Dry,Unknown,,0,0,ELTORO,FALSE,{8DD9934B-1D0A-4A08-9886-1E1C2EF93E40},0
J01-9349-1,2022-06-21,Direct Connection,Pooled or Ponded,Unknown,Yes,NA,NA,ELTORO,FALSE,{0C4B2C1F-221A-4822-9ED8-4F1AF591803F},NA
J01-9349-1,2022-06-30,None - Flow Infiltrates or Outfall is Dry,Dry,Unknown,Yes,0,0,ELTORO,FALSE,{0C4B2C1F-221A-4822-9ED8-4F1AF591803F},0
J01-9349-1,2022-08-18,Direct Connection,Pooled or Ponded,Unknown,Yes,NA,NA,ELTORO,FALSE,{0C4B2C1F-221A-4822-9ED8-4F1AF591803F},NA
J01-9364-3 (J01P21),2022-06-28,Direct Connection,Pooled or Ponded,Yes,,NA,NA,SULPHURCREEK,FALSE,{45DC9F7E-3DD3-44F6-A4A9-350A8C32653C},NA
J01-9364-3 (J01P21),2022-07-08,Direct Connection,Pooled or Ponded,Yes,,NA,NA,SULPHURCREEK,FALSE,{45DC9F7E-3DD3-44F6-A4A9-350A8C32653C},NA
J01-9364-4,2022-06-28,None - Flow Infiltrates or Outfall is Dry,Dry,Unknown,,0,0,SULPHURCREEK,FALSE,{51AB1EDB-AED9-40F1-83A8-6391511D250C},0
J01-9364-4,2022-08-29,None - Flow Infiltrates or Outfall is Dry,Dry,Unknown,,0,0,SULPHURCREEK,FALSE,{51AB1EDB-AED9-40F1-83A8-6391511D250C},0
J01-9377-1,2022-06-21,Direct Connection,Pooled or Ponded,Unknown,Yes,NA,NA,ELTORO,FALSE,{3B4E9F27-523C-4F6B-A986-26E060B631EF},NA
J01-9377-1,2022-06-30,None - Flow Infiltrates or Outfall is Dry,Dry,Unknown,Yes,0,0,ELTORO,FALSE,{3B4E9F27-523C-4F6B-A986-26E060B631EF},0
J01-9377-1,2022-08-18,Direct Connection,,Unknown,Yes,0.001,NA,ELTORO,FALSE,{3B4E9F27-523C-4F6B-A986-26E060B631EF},0.001
J01-9377-2 (J01TBN8),2022-06-21,None - Flow Infiltrates or Outfall is Dry,Dry,Unknown,,0,0,ELTORO,FALSE,{0F35296A-ECE2-4C19-BD75-E6442A50F57C},0
J01-9377-2 (J01TBN8),2022-09-01,None - Flow Infiltrates or Outfall is Dry,Dry,Unknown,,0,0,ELTORO,FALSE,{0F35296A-ECE2-4C19-BD75-E6442A50F57C},0
J01-9782-1 (J01TBN3),2022-06-21,Direct Connection,Pooled or Ponded,Unknown,,NA,NA,ELTORO,FALSE,{91E48869-6AD5-41B7-8A9B-640ED2238B02},NA
J01-9782-1 (J01TBN3),2022-08-18,Direct Connection,Flowing,Unknown,,0.004835,NA,ELTORO,FALSE,{91E48869-6AD5-41B7-8A9B-640ED2238B02},0.004835
J01-9785-1,2022-08-01,Direct Connection,Flowing,Yes,,0.004583,NA,ELTORO,FALSE,{91338D15-19F3-4699-83FA-4C17B2C07214},0.004583
J01-9785-1,2022-09-14,Direct Connection,Pooled or Ponded,Yes,,NA,NA,ELTORO,FALSE,{91338D15-19F3-4699-83FA-4C17B2C07214},NA
J01-9992-1 (J01P27),2022-06-23,Direct Connection,Flowing,Yes,Yes,0.039616,NA,SULPHURCREEK,FALSE,{DE6D1FF7-E755-41CE-9C57-7D26DD867CD5},0.039616
J01-9992-1 (J01P27),2022-07-01,Direct Connection,Flowing,Yes,Yes,0.025625,0.037,SULPHURCREEK,FALSE,{DE6D1FF7-E755-41CE-9C57-7D26DD867CD5},0.0313125
J01-9992-1 (J01P27),2022-09-08,Direct Connection,Flowing,Yes,Yes,NA,0.025,SULPHURCREEK,FALSE,{DE6D1FF7-E755-41CE-9C57-7D26DD867CD5},0.025
J03-9215-1,2022-06-23,Direct Connection,Pooled or Ponded,Yes,,NA,NA,SULPHURCREEK,FALSE,{58BF1710-6532-44A0-A4C2-487B6E14647C},NA
J03-9215-1,2022-08-04,Direct Connection,Pooled or Ponded,Yes,,NA,NA,SULPHURCREEK,FALSE,{58BF1710-6532-44A0-A4C2-487B6E14647C},NA
J03-9215-3,2022-06-23,Direct Connection,Flowing,Yes,,0.010218,NA,SULPHURCREEK,FALSE,{096C0676-4771-492B-BAA6-AA39CD7F88A8},0.010218
J03-9215-3,2022-07-08,Direct Connection,Flowing,Yes,,0.0178235,0.238,SULPHURCREEK,FALSE,{096C0676-4771-492B-BAA6-AA39CD7F88A8},0.12791175
J03-9215-3,2022-08-04,Direct Connection,Flowing,Yes,,0.0259965,0.008,SULPHURCREEK,FALSE,{096C0676-4771-492B-BAA6-AA39CD7F88A8},0.01699825
J03-9216-1 (J03P01),2022-07-06,Direct Connection,Pooled or Ponded,Yes,,NA,NA,SULPHURCREEK,FALSE,{B312B909-A14D-4AAA-BB21-74D113055A73},NA
J03-9216-1 (J03P01),2022-07-08,Direct Connection,Flowing,Yes,,NA,NA,SULPHURCREEK,FALSE,{B312B909-A14D-4AAA-BB21-74D113055A73},NA
J03-9216-1 (J03P01),2022-08-04,Direct Connection,Pooled or Ponded,Yes,,NA,NA,SULPHURCREEK,FALSE,{B312B909-A14D-4AAA-BB21-74D113055A73},NA
J03-9216-2,2022-08-04,Partial - Significant Distance,Flowing,Yes,,2.93494,NA,SULPHURCREEK,FALSE,{BDBAD671-CCD0-47D1-B121-7ED3242CBA94},2.93494
J03-9216-2,2022-08-08,Partial - Significant Distance,Flowing,Yes,,0.4,NA,SULPHURCREEK,FALSE,{BDBAD671-CCD0-47D1-B121-7ED3242CBA94},0.4
J03-9216-5,2022-08-04,Partial - Significant Distance,Pooled or Ponded,Yes,,NA,NA,SULPHURCREEK,FALSE,{17A4B537-06CB-4914-A505-354A1A88B51B},NA
J03-9221-1 (J03P02),2022-06-15,Undetermined,Flowing,Yes,Yes,NA,0.049,SULPHURCREEK,FALSE,{B349E3D1-F18C-44B9-A54D-9A854691EE96},0.049
J03-9221-1 (J03P02),2022-07-08,Unsafe to Access,Flowing,Yes,Yes,0.09042800000000001,0.708,SULPHURCREEK,FALSE,{B349E3D1-F18C-44B9-A54D-9A854691EE96},0.39921399999999996
J03-9221-1 (J03P02),2022-08-18,Undetermined,Flowing,Yes,Yes,NA,0.03,SULPHURCREEK,FALSE,{B349E3D1-F18C-44B9-A54D-9A854691EE96},0.03
J03-9234-5,2022-07-06,Direct Connection,Flowing,Yes,,NA,NA,SULPHURCREEK,FALSE,{0C213075-F3BE-4202-976F-D3228FB0F4F4},NA
J03-9234-6,2022-07-06,Partial - Significant Distance,Flowing,Yes,,0.07619,NA,SULPHURCREEK,FALSE,{7C898AE5-6408-40A7-9258-052F87B864B0},0.07619
J03-9234-6,2022-07-08,Partial - Significant Distance,Flowing,Yes,,0.1254,0.16,SULPHURCREEK,FALSE,{7C898AE5-6408-40A7-9258-052F87B864B0},0.1427
J03-9234-6,2022-08-31,Partial - Significant Distance,Flowing,Yes,,NA,0.034,SULPHURCREEK,FALSE,{7C898AE5-6408-40A7-9258-052F87B864B0},0.034
J03-9234-8,2022-07-06,Partial - Significant Distance,Pooled or Ponded,Yes,,NA,NA,SULPHURCREEK,FALSE,{8BA658D6-F310-40D7-B7B1-E1E606ACD5A0},NA
J03-9234-8,2022-08-31,Partial - Significant Distance,Flowing,Yes,,0.748276,NA,SULPHURCREEK,FALSE,{8BA658D6-F310-40D7-B7B1-E1E606ACD5A0},0.748276
J03-9368-1 (J03TBN1),2022-06-23,Direct Connection,Flowing,Yes,,0.003822,NA,SULPHURCREEK,FALSE,{AAC8234A-5800-4230-971C-633C406E3E23},0.003822
J03-9368-1 (J03TBN1),2022-07-08,Direct Connection,Flowing,Yes,,8.705e-4,0.883,SULPHURCREEK,FALSE,{AAC8234A-5800-4230-971C-633C406E3E23},0.44193525
J03-9368-1 (J03TBN1),2022-08-04,Direct Connection,Flowing,Yes,,0.0050425,NA,SULPHURCREEK,FALSE,{AAC8234A-5800-4230-971C-633C406E3E23},0.0050425
J03-9368-2 (J03TBN2),2022-06-23,Direct Connection,Flowing,Yes,,NA,0.004,SULPHURCREEK,FALSE,{1C987AEE-54C0-42B5-B602-B59EEAD42C2F},0.004
J03-9368-2 (J03TBN2),2022-07-06,Direct Connection,Flowing,Yes,,NA,NA,SULPHURCREEK,FALSE,{1C987AEE-54C0-42B5-B602-B59EEAD42C2F},NA
J03-9368-2 (J03TBN2),2022-07-08,Direct Connection,Flowing,Yes,,0.006761,0.005,SULPHURCREEK,FALSE,{1C987AEE-54C0-42B5-B602-B59EEAD42C2F},0.0058805
J03-9368-2 (J03TBN2),2022-08-04,Direct Connection,Flowing,Yes,,NA,0.004,SULPHURCREEK,FALSE,{1C987AEE-54C0-42B5-B602-B59EEAD42C2F},0.004
J04-9249-1,2022-07-08,Direct Connection,Pooled or Ponded,Yes,,NA,NA,SULPHURCREEK,FALSE,{43A0D628-01FD-445E-A64B-B954122259BC},NA
J05-9255-1 (J05P01),2022-08-02,None - Flow Infiltrates or Outfall is Dry,Pooled or Ponded,Yes,,NA,NA,SULPHURCREEK,FALSE,{E4A45859-C01A-4CBC-8954-294275402A42},NA
J05-9255-1 (J05P01),2022-09-21,None - Flow Infiltrates or Outfall is Dry,Pooled or Ponded,Yes,,NA,NA,SULPHURCREEK,FALSE,{E4A45859-C01A-4CBC-8954-294275402A42},NA
J05-9271-6,2022-08-02,None - Flow Infiltrates or Outfall is Dry,Pooled or Ponded,Unknown,,NA,NA,SULPHURCREEK,FALSE,{9F5547EB-7FE3-461F-9EBD-E58B4219028B},NA
J05-9271-6,2022-09-21,None - Flow Infiltrates or Outfall is Dry,Dry,Unknown,,0,0,SULPHURCREEK,FALSE,{9F5547EB-7FE3-461F-9EBD-E58B4219028B},0
J05-9800-2,2022-07-01,None - Flow Infiltrates or Outfall is Dry,Dry,Unknown,,0,0,ELTORO,FALSE,{B447E738-FF4A-4052-83BC-409EFD00CC89},0
J05-9800-2,2022-09-21,None - Flow Infiltrates or Outfall is Dry,Dry,Unknown,,0,0,ELTORO,FALSE,{B447E738-FF4A-4052-83BC-409EFD00CC89},0
J06-10011-1 (J06P01),2022-06-23,Direct Connection,Flowing,Yes,Yes,0.509735,NA,ELTORO,FALSE,{7C52C879-6B87-4321-BC5A-53A3242DD1D9},0.509735
J06-10011-1 (J06P01),2022-07-13,Direct Connection,Flowing,Yes,Yes,0.487615,NA,ELTORO,FALSE,{7C52C879-6B87-4321-BC5A-53A3242DD1D9},0.487615
J06-10011-1 (J06P01),2022-08-22,Direct Connection,Flowing,Yes,Yes,NA,0.064,ELTORO,FALSE,{7C52C879-6B87-4321-BC5A-53A3242DD1D9},0.064
J06-9079-1 (J06P03),2022-06-23,Direct Connection,Flowing,Yes,Yes,0.096183,NA,ELTORO,FALSE,{53829E67-0A5F-46C8-B493-01AC3AA4C5CD},0.096183
J06-9079-1 (J06P03),2022-07-13,Direct Connection,Flowing,Yes,Yes,0.0485,0.019,ELTORO,FALSE,{53829E67-0A5F-46C8-B493-01AC3AA4C5CD},0.03375
J06-9079-1 (J06P03),2022-08-22,Direct Connection,Flowing,Yes,Yes,NA,0.011,ELTORO,FALSE,{53829E67-0A5F-46C8-B493-01AC3AA4C5CD},0.011
J07-9022-1,2022-06-21,Direct Connection,Flowing,Yes,,NA,NA,ELTORO,FALSE,{02D8D354-0554-49DF-972A-8BC374B3901B},NA
J07-9022-1,2022-08-09,Partial - Significant Distance,Flowing,Yes,,7.71e-4,NA,ELTORO,FALSE,{02D8D354-0554-49DF-972A-8BC374B3901B},7.71e-4
J07-9022-6,2022-06-21,Partial - Significant Distance,Flowing,Yes,,0,NA,ELTORO,FALSE,{ED29B567-C00D-4966-8303-25068F8D1BA9},0
J07-9022-6,2022-08-09,Partial - Significant Distance,Flowing,Yes,,0.001214,NA,ELTORO,FALSE,{ED29B567-C00D-4966-8303-25068F8D1BA9},0.001214
J07-9109-1,2022-06-21,Partial - Significant Distance,Pooled or Ponded,Yes,,NA,NA,ELTORO,FALSE,{3908761B-6044-44D9-8A7D-054C86F6D560},NA
J07-9109-1,2022-08-09,None - Flow Infiltrates or Outfall is Dry,Pooled or Ponded,Yes,,NA,NA,ELTORO,FALSE,{3908761B-6044-44D9-8A7D-054C86F6D560},NA
J07-9109-2,2022-06-21,Partial - Significant Distance,Pooled or Ponded,Yes,,NA,NA,ELTORO,FALSE,{728A2E3D-7087-4CD0-B654-7272B31DFBFB},NA
J07-9109-2,2022-08-09,None - Flow Infiltrates or Outfall is Dry,Pooled or Ponded,Yes,,NA,NA,ELTORO,FALSE,{728A2E3D-7087-4CD0-B654-7272B31DFBFB},NA
J07-9109-4 (J07P02),2022-06-21,Partial - Significant Distance,Flowing,Yes,,0.0358295,0.007,ELTORO,FALSE,{D0C41BF9-0216-43F4-8129-6EAC01EF1A03},0.02141475
J07-9109-4 (J07P02),2022-06-30,Partial - Significant Distance,Flowing,Yes,,0.024,NA,ELTORO,FALSE,{D0C41BF9-0216-43F4-8129-6EAC01EF1A03},0.024
J07-9109-4 (J07P02),2022-08-09,Partial - Significant Distance,Flowing,Yes,,NA,0.004,ELTORO,FALSE,{D0C41BF9-0216-43F4-8129-6EAC01EF1A03},0.004
J07-9110-1,2022-06-21,Partial - Significant Distance,Flowing,Yes,,NA,0.001,ELTORO,FALSE,{FF27122D-EC98-40FC-AE70-E4A3069DC586},0.001
J07-9110-2,2022-06-21,Direct Connection,Flowing,Yes,,0.002132,0.002,ELTORO,FALSE,{E0B5BFB0-FF67-482C-B2DA-0715F995C4FF},0.002066
J07-9110-2,2022-06-30,Direct Connection,Flowing,Yes,,7.930000000000001e-4,0,ELTORO,FALSE,{E0B5BFB0-FF67-482C-B2DA-0715F995C4FF},3.9650000000000004e-4
J07-9110-2,2022-08-09,Direct Connection,Pooled or Ponded,Yes,,NA,NA,ELTORO,FALSE,{E0B5BFB0-FF67-482C-B2DA-0715F995C4FF},NA
J07-9110-3,2022-06-21,Partial - Significant Distance,Pooled or Ponded,Unknown,,NA,NA,ELTORO,FALSE,{07F87B16-7752-4E0E-8F95-EF62C174A7F6},NA
J07-9110-3,2022-06-30,None - Flow Infiltrates or Outfall is Dry,Dry,Unknown,,0,0,ELTORO,FALSE,{07F87B16-7752-4E0E-8F95-EF62C174A7F6},0
J07-9110-3,2022-08-09,Direct Connection,Flowing,Unknown,,NA,0.002,ELTORO,FALSE,{07F87B16-7752-4E0E-8F95-EF62C174A7F6},0.002
K01-12032-2 (K01P11),2022-07-06,Partial - Significant Distance,Flowing,Yes,,0.015248,NA,SULPHURCREEK,FALSE,{E67A1268-C953-4917-B816-D1F3A4A6B507},0.015248
K01-12032-2 (K01P11),2022-08-31,Partial - Significant Distance,Flowing,Yes,,NA,0.033,SULPHURCREEK,FALSE,{E67A1268-C953-4917-B816-D1F3A4A6B507},0.033
K01-12036-1,2022-07-06,Undetermined,Flowing,Yes,,0.009929,NA,SULPHURCREEK,FALSE,{492C91F2-212B-4A73-AC7B-107B61D9565F},0.009929
K01-12036-1,2022-08-31,Undetermined,Flowing,Yes,,0.008434,NA,SULPHURCREEK,FALSE,{492C91F2-212B-4A73-AC7B-107B61D9565F},0.008434
K01-12036-10,2022-07-06,None - Flow Infiltrates or Outfall is Dry,Dry,Unknown,,0,0,SULPHURCREEK,FALSE,{27FDF89D-E07B-4D2F-B470-DABB97A9B098},0
K01-12036-10,2022-08-31,Undetermined,Flowing,Unknown,,NA,0.001,SULPHURCREEK,FALSE,{27FDF89D-E07B-4D2F-B470-DABB97A9B098},0.001
K01-12036-5,2022-07-06,Undetermined,Flowing,Yes,,0.068235,NA,SULPHURCREEK,FALSE,{70D2A74D-50ED-4574-A929-01CB7DE7D000},0.068235
K01-12036-5,2022-08-31,Undetermined,Flowing,Yes,,NA,NA,SULPHURCREEK,FALSE,{70D2A74D-50ED-4574-A929-01CB7DE7D000},NA
K01-12058-1 (K01P08),2022-08-02,Direct Connection,Flowing,Yes,,NA,0.016,SULPHURCREEK,FALSE,{4C787A96-7840-4AA0-A3A0-EED192734DC5},0.016
K01-12058-2 (K01P09),2022-08-02,Direct Connection,Flowing,Yes,,NA,0.045,SULPHURCREEK,FALSE,{C0A795C3-4CA5-4BFE-8231-8B5C12D45F49},0.045
K01-12062-1,2022-08-02,Direct Connection,Pooled or Ponded,Yes,,0.122807,NA,SULPHURCREEK,FALSE,{DC0E267C-D89F-4834-A9CC-2BD31EFE7608},0.122807
K01-12126-1 (K01S01),2022-06-22,Direct Connection,Flowing,Yes,Yes,0.46478,NA,DANAPOINT,FALSE,{4B95CAAB-3599-40EF-9AEE-7EB6755113A0},0.46478
K01-12138-1 (K01TBN1),2022-08-02,Undetermined,Flowing,Yes,,0.0045,NA,SULPHURCREEK,FALSE,{7ED3F0F9-CFEC-4D38-9A33-AE41DCBA38E4},0.0045
K01-12155-1,2022-07-06,Undetermined,Pooled or Ponded,Unknown,,NA,NA,DANAPOINT,FALSE,{EBDB95ED-DC08-4DB5-AB03-DFC2113EF527},NA
K01-12155-1,2022-08-31,None - Flow Infiltrates or Outfall is Dry,Dry,Unknown,,0,0,DANAPOINT,FALSE,{EBDB95ED-DC08-4DB5-AB03-DFC2113EF527},0
K01-12155-5,2022-07-06,Undetermined,Flowing,Unknown,,NA,NA,SULPHURCREEK,FALSE,{F833764D-81C4-470D-A336-B65195ACDDC4},NA
K01-12155-5,2022-08-31,Undetermined,Other - See Comments,Unknown,,NA,NA,SULPHURCREEK,FALSE,{F833764D-81C4-470D-A336-B65195ACDDC4},NA
K01-12156-6,2022-07-20,Direct Connection,Flowing,Yes,,0.396,NA,DANAPOINT,FALSE,{6FB4B9E1-BF9D-41E3-9F3C-703D525B54CD},0.396
K01-12156-6,2022-08-18,Direct Connection,Flowing,Yes,,NA,NA,DANAPOINT,FALSE,{6FB4B9E1-BF9D-41E3-9F3C-703D525B54CD},NA
K01-12159-2,2022-06-22,Direct Connection,Flowing,Yes,Yes,NA,0.088,DANAPOINT,FALSE,{65F1D30E-87BC-47F7-B9E2-465FBE713D1F},0.088
K01-12159-3,2022-06-22,Direct Connection,Flowing,Yes,,NA,0.007,DANAPOINT,FALSE,{1F0E78FB-3598-45E9-815F-9C59DD96DF84},0.007
K01-12177-1 (K01P07),2022-06-15,Undetermined,Flowing,Yes,Yes,0.20950000000000002,0.039,SULPHURCREEK,FALSE,{162A0934-2B45-4BAA-AE44-99D3683A47DD},0.12425000000000001
K01-12177-1 (K01P07),2022-08-18,Undetermined,Flowing,Yes,Yes,NA,0.024,SULPHURCREEK,FALSE,{162A0934-2B45-4BAA-AE44-99D3683A47DD},0.024
L01-125-1,2022-07-28,Undetermined,Pooled or Ponded,Yes,,NA,NA,TRABUCO,FALSE,{5903AEF4-DE41-446D-A41A-D3014DC8AD95},NA
L01-125-1,2022-09-20,Undetermined,Pooled or Ponded,Yes,,NA,NA,TRABUCO,FALSE,{5903AEF4-DE41-446D-A41A-D3014DC8AD95},NA
L01-125-2,2022-07-28,Undetermined,Pooled or Ponded,Yes,,NA,NA,TRABUCO,FALSE,{DD113CF9-A134-4437-879D-CFE4C8EED772},NA
L01-125-2,2022-09-20,Undetermined,Pooled or Ponded,Yes,,NA,NA,TRABUCO,FALSE,{DD113CF9-A134-4437-879D-CFE4C8EED772},NA
L01-125-3,2022-07-28,Undetermined,Flowing,Yes,,NA,NA,TRABUCO,FALSE,{33F2DC65-D927-4563-A681-F329D3F84B4B},NA
L01-125-3,2022-09-20,Undetermined,Pooled or Ponded,Yes,,NA,NA,TRABUCO,FALSE,{33F2DC65-D927-4563-A681-F329D3F84B4B},NA
L01-218-3,2022-07-26,Undetermined,Pooled or Ponded,Yes,,NA,NA,TRABUCO,FALSE,{25F85F71-7FE3-41F6-8378-9EEFE4D6A956},NA
L01-218-4,2022-07-26,Partial - Significant Distance,Flowing,Yes,,0.02475,NA,TRABUCO,FALSE,{D52E55F3-6949-417B-9C1F-389593FDF685},0.02475
L01-223-1 (L08TBN1),2022-06-27,Undetermined,Flowing,Yes,,8.33e-4,NA,TRABUCO,FALSE,{920D2923-A87E-4A8C-864D-656B0F11E23F},8.33e-4
L01-223-1 (L08TBN1),2022-08-25,Undetermined,Flowing,Yes,,NA,0,TRABUCO,FALSE,{920D2923-A87E-4A8C-864D-656B0F11E23F},0
L01-242-1 (L07P16),2022-08-08,Direct Connection,Pooled or Ponded,Yes,,NA,NA,TRABUCO,FALSE,{05755366-E1F2-43BB-A1D6-AC836A44F681},NA
L01-242-1 (L07P16),2022-09-19,Direct Connection,Pooled or Ponded,Yes,,NA,NA,TRABUCO,FALSE,{05755366-E1F2-43BB-A1D6-AC836A44F681},NA
L01-303-2,2022-08-08,Direct Connection,Pooled or Ponded,Yes,,NA,NA,TRABUCO,FALSE,{DAFC646C-2E59-4F16-8AFD-87B9CAE3A703},NA
L01-303-2,2022-09-19,Direct Connection,Pooled or Ponded,Yes,,NA,NA,TRABUCO,FALSE,{DAFC646C-2E59-4F16-8AFD-87B9CAE3A703},NA
L01-303-3,2022-08-01,Partial - Significant Distance,Pooled or Ponded,Yes,,NA,NA,TRABUCO,FALSE,{688139FB-EB67-42AA-848F-C55BF48E6B28},NA
L01-303-3,2022-09-26,Partial - Significant Distance,Pooled or Ponded,Yes,,NA,NA,TRABUCO,FALSE,{688139FB-EB67-42AA-848F-C55BF48E6B28},NA
L01-303-4,2022-08-01,Direct Connection,Flowing,Yes,,NA,0.019,TRABUCO,FALSE,{DB68879F-B851-41C0-A2C5-D131F57A6ECE},0.019
L01-303-4,2022-09-26,Direct Connection,Flowing,Yes,,0.018,NA,TRABUCO,FALSE,{DB68879F-B851-41C0-A2C5-D131F57A6ECE},0.018
L01-335-1,2022-06-17,Direct Connection,Flowing,Yes,,0.006928500000000001,0.004,TRABUCO,FALSE,{6D056363-053F-45F5-B22A-6CAFD80C097C},0.00546425
L01-335-1,2022-09-27,Direct Connection,Flowing,Yes,,NA,0.001,TRABUCO,FALSE,{6D056363-053F-45F5-B22A-6CAFD80C097C},0.001
L01-335-2,2022-06-17,Direct Connection,Pooled or Ponded,Unknown,,NA,NA,TRABUCO,FALSE,{65AC036E-2F1F-4616-A08A-A4E7B1D38A11},NA
L01-335-2,2022-09-27,None - Flow Infiltrates or Outfall is Dry,Dry,Unknown,,0,0,TRABUCO,FALSE,{65AC036E-2F1F-4616-A08A-A4E7B1D38A11},0
L01-340-1,2022-06-16,Undetermined,Flowing,Yes,Yes,0.0194145,0.008,TRABUCO,FALSE,{F1CABFEE-57C0-45D7-805A-974B2EF723C4},0.01370725
L01-340-1,2022-08-24,Undetermined,Flowing,Yes,Yes,0.001809,NA,TRABUCO,FALSE,{F1CABFEE-57C0-45D7-805A-974B2EF723C4},0.001809
L01-391-1,2022-08-01,Direct Connection,Pooled or Ponded,Yes,,NA,NA,TRABUCO,FALSE,{6ACA9BF4-266E-4C31-8EE3-75E5E450E45E},NA
L01-391-1,2022-09-19,Direct Connection,Pooled or Ponded,Yes,,NA,NA,TRABUCO,FALSE,{6ACA9BF4-266E-4C31-8EE3-75E5E450E45E},NA
L01-391-3,2022-08-01,Direct Connection,Flowing,Yes,,0.011667,NA,TRABUCO,FALSE,{D41F3C53-33B2-4B80-AB83-E479787A54C2},0.011667
L01-391-3,2022-09-19,Direct Connection,Flowing,Yes,,0.03,NA,TRABUCO,FALSE,{D41F3C53-33B2-4B80-AB83-E479787A54C2},0.03
L01-404-1,2022-06-16,Undetermined,Flowing,Yes,Yes,NA,0.025,TRABUCO,FALSE,{CDCEA1A5-E306-47B2-8945-27B1CD159C10},0.025
L01-404-1,2022-08-24,Undetermined,Flowing,Yes,Yes,0.084647,NA,TRABUCO,FALSE,{CDCEA1A5-E306-47B2-8945-27B1CD159C10},0.084647
L01-404-2,2022-06-16,Undetermined,Flowing,Yes,,NA,0.021,TRABUCO,FALSE,{1E7BFD35-867B-41B5-9FF2-898F561EE27E},0.021
L01-404-2,2022-08-24,Undetermined,Flowing,Yes,,0.021,NA,TRABUCO,FALSE,{1E7BFD35-867B-41B5-9FF2-898F561EE27E},0.021
L01-414-1,2022-09-19,None - Flow Infiltrates or Outfall is Dry,Pooled or Ponded,Yes,,NA,NA,TRABUCO,FALSE,{68338A6C-A350-4B2E-90E5-C3AA59C3D9A8},NA
L01-414-2,2022-08-01,None - Flow Infiltrates or Outfall is Dry,Dry,Unknown,,0,0,TRABUCO,FALSE,{424C51CE-5569-476A-8035-40A7D01575A0},0
L01-414-2,2022-09-19,None - Flow Infiltrates or Outfall is Dry,Dry,Unknown,,0,0,TRABUCO,FALSE,{424C51CE-5569-476A-8035-40A7D01575A0},0
L01-414-3,2022-06-16,None - Flow Infiltrates or Outfall is Dry,Pooled or Ponded,Yes,,0.015,NA,TRABUCO,FALSE,{834FBB7A-F243-4A65-80C6-AE688690CC0C},0.015
L01-414-3,2022-08-24,Undetermined,Pooled or Ponded,Yes,,NA,NA,TRABUCO,FALSE,{834FBB7A-F243-4A65-80C6-AE688690CC0C},NA
L01-458-1,2022-05-31,None - Flow Infiltrates or Outfall is Dry,Pooled or Ponded,Unknown,,NA,NA,PALISADES,FALSE,{12B3B591-46D7-4C09-AEF9-0205FDAAC85B},NA
L01-458-1,2022-09-27,None - Flow Infiltrates or Outfall is Dry,Flowing,Unknown,,NA,0,PALISADES,FALSE,{12B3B591-46D7-4C09-AEF9-0205FDAAC85B},0
L01-471-1,2022-05-31,None - Flow Infiltrates or Outfall is Dry,Dry,Unknown,,0,0,PALISADES,FALSE,{1506D8A1-1F63-4CAD-971D-6107A4006B15},0
L01-471-1,2022-09-27,None - Flow Infiltrates or Outfall is Dry,Dry,Unknown,,0,0,PALISADES,FALSE,{1506D8A1-1F63-4CAD-971D-6107A4006B15},0
L01-494-1,2022-05-31,Undetermined,Flowing,Yes,,0.1575,NA,PALISADES,FALSE,{8ACA8CDD-8242-491B-B115-35F97FCC3354},0.1575
L01-494-1,2022-09-27,None - Flow Infiltrates or Outfall is Dry,Flowing,Yes,,NA,0.022,PALISADES,FALSE,{8ACA8CDD-8242-491B-B115-35F97FCC3354},0.022
L01-514-1,2022-06-17,Undetermined,Pooled or Ponded,Yes,,NA,NA,PALISADES,FALSE,{7A6C6799-AB04-4589-9958-5C84F3951CFC},NA
L01-514-1,2022-09-23,Undetermined,Flowing,Yes,,0.0048,NA,PALISADES,FALSE,{7A6C6799-AB04-4589-9958-5C84F3951CFC},0.0048
L01-517-3,2022-05-31,Undetermined,Pooled or Ponded,Yes,,NA,NA,PALISADES,FALSE,{6F4B7E90-A083-4289-A5D6-7E68F3E03AB8},NA
L01-517-3,2022-09-27,None - Flow Infiltrates or Outfall is Dry,Pooled or Ponded,Yes,,NA,NA,PALISADES,FALSE,{6F4B7E90-A083-4289-A5D6-7E68F3E03AB8},NA
L01-517-6,2022-05-31,Undetermined,Flowing,Yes,,0.03,NA,PALISADES,FALSE,{E5E98A69-01CF-4012-9B40-92C07976275C},0.03
L01-517-6,2022-09-27,Undetermined,Flowing,Yes,,NA,0.007,PALISADES,FALSE,{E5E98A69-01CF-4012-9B40-92C07976275C},0.007
L01-517-7,2022-05-31,None - Flow Infiltrates or Outfall is Dry,Dry,Unknown,,0,0,PALISADES,FALSE,{91F7E163-76E3-4E60-AF6E-ABEF81E97F26},0
L01-517-7,2022-09-27,None - Flow Infiltrates or Outfall is Dry,Dry,Unknown,,0,0,PALISADES,FALSE,{91F7E163-76E3-4E60-AF6E-ABEF81E97F26},0
L01-556-1,2022-07-28,Undetermined,Pooled or Ponded,Yes,,NA,NA,PALISADES,FALSE,{4FE0C734-3649-4717-871F-7A7EB924A050},NA
L01-556-1,2022-08-10,Undetermined,Flowing,Yes,,0.011494,NA,PALISADES,FALSE,{4FE0C734-3649-4717-871F-7A7EB924A050},0.011494
L01-601-1,2022-06-28,None - Flow Infiltrates or Outfall is Dry,Dry,Unknown,,0,0,DANAPOINT,FALSE,{6E297702-950B-4ECB-93F7-6D8CE2CE5D00},0
L01-601-1,2022-09-14,None - Flow Infiltrates or Outfall is Dry,Dry,Unknown,,0,0,DANAPOINT,FALSE,{6E297702-950B-4ECB-93F7-6D8CE2CE5D00},0
L01-602-2,2022-08-10,None - Flow Infiltrates or Outfall is Dry,Pooled or Ponded,Yes,,NA,NA,PALISADES,FALSE,{99C5D60F-3F09-4BFF-AE19-4319471F81EF},NA
L01-618-1,2022-07-28,None - Flow Infiltrates or Outfall is Dry,Pooled or Ponded,Yes,,NA,NA,PALISADES,FALSE,{6BB44A0A-D350-479C-9FC0-20CB027EB52D},NA
L01-618-1,2022-08-10,None - Flow Infiltrates or Outfall is Dry,Pooled or Ponded,Yes,,NA,NA,PALISADES,FALSE,{6BB44A0A-D350-479C-9FC0-20CB027EB52D},NA
L01-618-2,2022-07-13,Undetermined,Pooled or Ponded,Yes,,NA,NA,PALISADES,FALSE,{DBB6D67B-D85C-4FC2-AE21-A7AD70D991C8},NA
L01-618-2,2022-08-10,Undetermined,Pooled or Ponded,Yes,,NA,NA,PALISADES,FALSE,{DBB6D67B-D85C-4FC2-AE21-A7AD70D991C8},NA
L01-618-3,2022-08-10,Undetermined,Other - See Comments,Unknown,,NA,NA,PALISADES,FALSE,{A981599B-D002-446E-B808-453E58ACEA12},NA
L01-618-4,2022-07-13,None - Flow Infiltrates or Outfall is Dry,Dry,Unknown,,0,0,PALISADES,FALSE,{6CAF875E-8955-448F-B3BC-D7F75183DDDE},0
L01-618-4,2022-08-10,None - Flow Infiltrates or Outfall is Dry,Dry,Unknown,,0,0,PALISADES,FALSE,{6CAF875E-8955-448F-B3BC-D7F75183DDDE},0
L01-618-5 (L01S09),2022-07-13,None - Flow Infiltrates or Outfall is Dry,Pooled or Ponded,Yes,,NA,NA,PALISADES,FALSE,{DB6B9824-56ED-459B-A97E-F9966647E89B},NA
L01-618-5 (L01S09),2022-08-10,Direct Connection,Flowing,Yes,,0.004101,NA,PALISADES,FALSE,{DB6B9824-56ED-459B-A97E-F9966647E89B},0.004101
L01-724-1 (L01S01),2022-06-22,Partial - Significant Distance,Flowing,Yes,Yes,0.07102,NA,DANAPOINT,FALSE,{8A859AA8-432F-48A4-B9EF-89E317C329D5},0.07102
L01-724-4 (L01P03),2022-06-22,Direct Connection,Flowing,Yes,Yes,0.092975,NA,PALISADES,FALSE,{1A565B60-44E0-4E2C-84FE-2362549F11C4},0.092975
L01-724-4 (L01P03),2022-09-06,Direct Connection,Flowing,Yes,Yes,0.08,NA,PALISADES,FALSE,{1A565B60-44E0-4E2C-84FE-2362549F11C4},0.08
L01-726-2,2022-07-13,None - Flow Infiltrates or Outfall is Dry,Pooled or Ponded,Unknown,,NA,NA,DANAPOINT,FALSE,{2E54A407-3CB1-4115-BE98-54634E27A6A6},NA
L01-726-2,2022-08-29,None - Flow Infiltrates or Outfall is Dry,Dry,Unknown,,0,0,DANAPOINT,FALSE,{2E54A407-3CB1-4115-BE98-54634E27A6A6},0
L01-726-3,2022-07-13,None - Flow Infiltrates or Outfall is Dry,Dry,Unknown,,0,0,DANAPOINT,FALSE,{B22F4F14-A3E0-4A9A-9F0F-891910B4EB75},0
L01-726-3,2022-08-29,None - Flow Infiltrates or Outfall is Dry,Dry,Unknown,,0,0,DANAPOINT,FALSE,{B22F4F14-A3E0-4A9A-9F0F-891910B4EB75},0
L01-726-5,2022-06-22,Direct Connection,Flowing,Yes,Yes,0.0015,NA,DANAPOINT,FALSE,{2B22BC20-4B7A-42C3-8427-8487ACC1F123},0.0015
L01-726-5,2022-08-29,Direct Connection,Flowing,Yes,Yes,NA,0.011,DANAPOINT,FALSE,{2B22BC20-4B7A-42C3-8427-8487ACC1F123},0.011
L01-726-6,2022-07-13,None - Flow Infiltrates or Outfall is Dry,Dry,Unknown,,0,0,DANAPOINT,FALSE,{D64CBB08-F94D-40E2-BF24-D05C3319C2F7},0
L01-726-6,2022-08-29,None - Flow Infiltrates or Outfall is Dry,Dry,Unknown,,0,0,DANAPOINT,FALSE,{D64CBB08-F94D-40E2-BF24-D05C3319C2F7},0
L01-726-7,2022-07-13,None - Flow Infiltrates or Outfall is Dry,Dry,Unknown,,0,0,DANAPOINT,FALSE,{18A42986-EA31-4E07-A4F6-D18E1CBDE933},0
L01-726-7,2022-08-29,None - Flow Infiltrates or Outfall is Dry,Dry,Unknown,,0,0,DANAPOINT,FALSE,{18A42986-EA31-4E07-A4F6-D18E1CBDE933},0
L01-726-8,2022-06-28,Partial - Significant Distance,Flowing,Unknown,,0.005769,NA,DANAPOINT,FALSE,{88ED161A-736E-448B-AF46-40F0E8C2F54E},0.005769
L01-726-8,2022-09-14,None - Flow Infiltrates or Outfall is Dry,Pooled or Ponded,Unknown,,NA,NA,DANAPOINT,FALSE,{88ED161A-736E-448B-AF46-40F0E8C2F54E},NA
L01-726-9,2022-06-28,None - Flow Infiltrates or Outfall is Dry,Dry,Unknown,,0,0,DANAPOINT,FALSE,{8940546C-B67E-42D6-9426-7F1E9452BFE1},0
L01-726-9,2022-09-14,None - Flow Infiltrates or Outfall is Dry,Dry,Unknown,,0,0,DANAPOINT,FALSE,{8940546C-B67E-42D6-9426-7F1E9452BFE1},0
L01-727-1 (L01S04),2022-07-12,None - Flow Infiltrates or Outfall is Dry,Dry,Unknown,,0,0,DANAPOINT,FALSE,{798A1AA2-7443-4216-9DB2-0FB1B57E4222},0
L01-727-1 (L01S04),2022-08-29,None - Flow Infiltrates or Outfall is Dry,Dry,Unknown,,0,0,DANAPOINT,FALSE,{798A1AA2-7443-4216-9DB2-0FB1B57E4222},0
L01-727-2,2022-07-12,None - Flow Infiltrates or Outfall is Dry,Dry,Unknown,,0,0,DANAPOINT,FALSE,{B9983359-9D26-40FE-905C-4936B6ED0548},0
L01-727-2,2022-08-29,None - Flow Infiltrates or Outfall is Dry,Dry,Unknown,,0,0,DANAPOINT,FALSE,{B9983359-9D26-40FE-905C-4936B6ED0548},0
L01-727-3,2022-07-12,Direct Connection,Pooled or Ponded,Unknown,,NA,NA,DANAPOINT,FALSE,{F5B625B6-1B6F-4CA5-84AD-4CBD11F17148},NA
L01-727-3,2022-09-14,None - Flow Infiltrates or Outfall is Dry,Pooled or Ponded,Unknown,,NA,NA,DANAPOINT,FALSE,{F5B625B6-1B6F-4CA5-84AD-4CBD11F17148},NA
L01-728-2,2022-07-12,Direct Connection,Flowing,Yes,,NA,NA,DANAPOINT,FALSE,{A59E35B2-C9EC-4E24-9DB6-266C60FCB072},NA
L01-728-2,2022-08-29,None - Flow Infiltrates or Outfall is Dry,Flowing,Yes,,NA,NA,DANAPOINT,FALSE,{A59E35B2-C9EC-4E24-9DB6-266C60FCB072},NA
L01-728-3 (L01S02),2022-07-12,None - Flow Infiltrates or Outfall is Dry,Flowing,Yes,,NA,NA,DANAPOINT,FALSE,{2A977DCC-7E53-4D85-94F4-061F90A75327},NA
L01-728-3 (L01S02),2022-08-29,Direct Connection,Flowing,Yes,,NA,0.017,DANAPOINT,FALSE,{2A977DCC-7E53-4D85-94F4-061F90A75327},0.017
L01-728-4,2022-07-12,None - Flow Infiltrates or Outfall is Dry,Dry,Unknown,,0,0,DANAPOINT,FALSE,{87F2F346-2A95-465B-9529-A030D3DAEC5F},0
L01-728-5 (L01-DP),2022-06-22,None - Flow Infiltrates or Outfall is Dry,Flowing,Yes,Yes,NA,0.008,DANAPOINT,FALSE,{239C7351-6675-4B26-B959-1D8B4D6371A5},0.008
L01-728-6,2022-07-12,None - Flow Infiltrates or Outfall is Dry,Dry,Unknown,,0,0,DANAPOINT,FALSE,{997F43C3-4A2E-4C65-8310-72694AD8EF59},0
L01-728-6,2022-08-29,None - Flow Infiltrates or Outfall is Dry,Dry,Unknown,,0,0,DANAPOINT,FALSE,{997F43C3-4A2E-4C65-8310-72694AD8EF59},0
L01-728-7 (L01S03),2022-07-13,None - Flow Infiltrates or Outfall is Dry,Flowing,Yes,,0.0288,NA,DANAPOINT,FALSE,{9ABFED9B-C141-47FC-9A23-685026E584F9},0.0288
L01-728-7 (L01S03),2022-09-28,None - Flow Infiltrates or Outfall is Dry,Flowing,Yes,,NA,0.018,DANAPOINT,FALSE,{9ABFED9B-C141-47FC-9A23-685026E584F9},0.018
L01-728-8d,2022-07-12,None - Flow Infiltrates or Outfall is Dry,Dry,Unknown,,0,0,DANAPOINT,FALSE,{7A1311A3-7766-418C-8495-C9A419F65188},0
L01-728-8d,2022-09-23,None - Flow Infiltrates or Outfall is Dry,Dry,Unknown,,0,0,DANAPOINT,FALSE,{7A1311A3-7766-418C-8495-C9A419F65188},0
L01-728-9,2022-07-12,None - Flow Infiltrates or Outfall is Dry,Dry,Unknown,,0,0,DANAPOINT,FALSE,{74BEFDA9-4138-4459-9D5E-A60F88FD79B2},0
L01-728-9,2022-08-29,None - Flow Infiltrates or Outfall is Dry,Dry,Unknown,,0,0,DANAPOINT,FALSE,{74BEFDA9-4138-4459-9D5E-A60F88FD79B2},0
L01-730-1,2022-07-28,Direct Connection,Flowing,Yes,,0.006,NA,TRABUCO,FALSE,{58435AF7-EDAB-42CB-9CEF-56F94E800788},0.006
L01-730-1,2022-09-20,Direct Connection,Pooled or Ponded,Yes,,NA,NA,TRABUCO,FALSE,{58435AF7-EDAB-42CB-9CEF-56F94E800788},NA
L01-731-1 (L08TBN2),2022-06-27,Undetermined,Flowing,Yes,Yes,0.642857,NA,TRABUCO,FALSE,{3FE0C68B-3BC3-480E-9B51-1965BD8A122E},0.642857
L01-731-1 (L08TBN2),2022-08-25,Undetermined,Flowing,Yes,Yes,1.124197,NA,TRABUCO,FALSE,{3FE0C68B-3BC3-480E-9B51-1965BD8A122E},1.124197
L01-733-2,2022-08-01,Direct Connection,Pooled or Ponded,Yes,,NA,NA,TRABUCO,FALSE,{0730A3D5-1756-4C6A-B21F-59D067D3F0B4},NA
L01-733-2,2022-09-19,Direct Connection,Pooled or Ponded,Yes,,NA,NA,TRABUCO,FALSE,{0730A3D5-1756-4C6A-B21F-59D067D3F0B4},NA
L01-733-4,2022-08-01,None - Flow Infiltrates or Outfall is Dry,Dry,Unknown,,0,0,TRABUCO,FALSE,{ED00D5DA-856D-4A09-BD27-B31F6E37C9A8},0
L01-733-4,2022-09-19,None - Flow Infiltrates or Outfall is Dry,Dry,Unknown,,0,0,TRABUCO,FALSE,{ED00D5DA-856D-4A09-BD27-B31F6E37C9A8},0
L01-733-5,2022-08-01,None - Flow Infiltrates or Outfall is Dry,Dry,Unknown,,0,0,TRABUCO,FALSE,{9C18A820-40CA-4CA4-B141-8DA9C8401AC6},0
L01-733-5,2022-09-19,None - Flow Infiltrates or Outfall is Dry,Dry,Unknown,,0,0,TRABUCO,FALSE,{9C18A820-40CA-4CA4-B141-8DA9C8401AC6},0
L01-733-7,2022-09-19,Direct Connection,Flowing,Unknown,,0.06,NA,TRABUCO,FALSE,{A7A8FD25-EE3B-48B7-BEA2-B78102735AA7},0.06
L01-733-7,2022-09-26,Direct Connection,Flowing,Unknown,,0.0576,NA,TRABUCO,FALSE,{A7A8FD25-EE3B-48B7-BEA2-B78102735AA7},0.0576
L01-747-1,2022-07-28,None - Flow Infiltrates or Outfall is Dry,Pooled or Ponded,Yes,,NA,NA,PALISADES,FALSE,{5F6222C0-DE3F-465B-ACE2-7BCF51145055},NA
L01-747-1,2022-08-10,None - Flow Infiltrates or Outfall is Dry,Pooled or Ponded,Yes,,NA,NA,PALISADES,FALSE,{5F6222C0-DE3F-465B-ACE2-7BCF51145055},NA
L01-747-2,2022-07-28,Undetermined,Flowing,Yes,,0.042951500000000004,0.02,PALISADES,FALSE,{09587147-64CF-499E-B6F3-CA0AB4A5BB40},0.031475750000000004
L01-747-2,2022-08-10,Partial - Significant Distance,Pooled or Ponded,Yes,,NA,NA,PALISADES,FALSE,{09587147-64CF-499E-B6F3-CA0AB4A5BB40},NA
L01-748-1,2022-07-13,None - Flow Infiltrates or Outfall is Dry,Dry,Unknown,,0,0,PALISADES,FALSE,{A91AE436-24A4-4432-8197-13B5F01E53A6},0
L01-748-1,2022-08-10,None - Flow Infiltrates or Outfall is Dry,Dry,Unknown,,0,0,PALISADES,FALSE,{A91AE436-24A4-4432-8197-13B5F01E53A6},0
L01-749-2d,2022-06-22,Undetermined,Flowing,Yes,,0.08,NA,PALISADES,FALSE,{F974B699-BEF5-4874-8BF5-762E5BABC0EC},0.08
L01-749-2d,2022-08-10,Undetermined,Pooled or Ponded,Yes,,NA,NA,PALISADES,FALSE,{F974B699-BEF5-4874-8BF5-762E5BABC0EC},NA
L01-749-2d,2022-09-06,Undetermined,Flowing,Yes,,NA,NA,PALISADES,FALSE,{F974B699-BEF5-4874-8BF5-762E5BABC0EC},NA
L01-749-2d,2022-09-06,Undetermined,Pooled or Ponded,Yes,,NA,NA,PALISADES,FALSE,{F974B699-BEF5-4874-8BF5-762E5BABC0EC},NA
L01-749-3,2022-07-13,None - Flow Infiltrates or Outfall is Dry,Dry,Unknown,,0,0,PALISADES,FALSE,{F283626A-51CD-43CB-A8FF-746A67B87B2B},0
L01-749-3,2022-08-10,None - Flow Infiltrates or Outfall is Dry,Dry,Unknown,,0,0,PALISADES,FALSE,{F283626A-51CD-43CB-A8FF-746A67B87B2B},0
L01-749-5,2022-07-13,None - Flow Infiltrates or Outfall is Dry,Pooled or Ponded,Unknown,,NA,NA,PALISADES,FALSE,{AAAA11DA-67C2-4E13-B18E-11AAEBB0B8F5},NA
L01-749-5,2022-08-11,None - Flow Infiltrates or Outfall is Dry,Dry,Unknown,,0,0,PALISADES,FALSE,{AAAA11DA-67C2-4E13-B18E-11AAEBB0B8F5},0
L01-760-1,2022-08-01,Undetermined,Flowing,Yes,,NA,0.004,TRABUCO,FALSE,{304B7146-FAA4-4C9E-85D8-E0AE384F357F},0.004
L01-760-1,2022-08-24,None - Flow Infiltrates or Outfall is Dry,Flowing,Yes,,0.00825,NA,TRABUCO,FALSE,{304B7146-FAA4-4C9E-85D8-E0AE384F357F},0.00825
L01-760-2,2022-08-01,Undetermined,Flowing,Yes,,NA,NA,TRABUCO,FALSE,{2E56C3AD-25AB-4A1C-95D5-7D91A1E793FA},NA
L01-760-2,2022-08-24,Undetermined,Flowing,Yes,,0.037688,NA,TRABUCO,FALSE,{2E56C3AD-25AB-4A1C-95D5-7D91A1E793FA},0.037688
L01-766-2 (L01S06),2022-07-13,None - Flow Infiltrates or Outfall is Dry,Flowing,Yes,,NA,0.016,PALISADES,FALSE,{6B1E2EC8-33C0-45FC-B9F2-95DAAD8E87F9},0.016
L01-766-2 (L01S06),2022-08-10,None - Flow Infiltrates or Outfall is Dry,Flowing,Yes,,0.450313,0.014,PALISADES,FALSE,{6B1E2EC8-33C0-45FC-B9F2-95DAAD8E87F9},0.23215650000000002
L01-766-3,2022-07-13,None - Flow Infiltrates or Outfall is Dry,Dry,Unknown,,0,0,PALISADES,FALSE,{36C58593-1762-4673-9666-5809B7EDC846},0
L01-766-3,2022-09-28,Direct Connection,Flowing,Unknown,,NA,0.006,PALISADES,FALSE,{36C58593-1762-4673-9666-5809B7EDC846},0.006
L01-766-4,2022-07-13,None - Flow Infiltrates or Outfall is Dry,Dry,Unknown,,0,0,PALISADES,FALSE,{48ACB168-9928-43C5-AAD8-5119F46F8CD3},0
L01-766-4,2022-08-11,None - Flow Infiltrates or Outfall is Dry,Dry,Unknown,,0,0,PALISADES,FALSE,{48ACB168-9928-43C5-AAD8-5119F46F8CD3},0
L01-766-5,2022-07-13,None - Flow Infiltrates or Outfall is Dry,Dry,Unknown,,0,0,PALISADES,FALSE,{318F725A-895C-4980-B214-CEAEA72603EF},0
L01-766-5,2022-08-10,None - Flow Infiltrates or Outfall is Dry,Dry,Unknown,,0,0,PALISADES,FALSE,{318F725A-895C-4980-B214-CEAEA72603EF},0
L01-766-7,2022-06-28,None - Flow Infiltrates or Outfall is Dry,Flowing,Unknown,,NA,NA,PALISADES,FALSE,{2A3C4022-F5F9-4E4D-864F-F04AB86095CF},NA
L01-766-7,2022-08-10,None - Flow Infiltrates or Outfall is Dry,Flowing,Unknown,,1.31e-4,NA,PALISADES,FALSE,{2A3C4022-F5F9-4E4D-864F-F04AB86095CF},1.31e-4
L01-766-8,2022-06-28,None - Flow Infiltrates or Outfall is Dry,Dry,Unknown,,0,0,PALISADES,FALSE,{F793BB7D-2AA5-48FA-8294-218E3F3B93B5},0
L01-766-8,2022-08-10,None - Flow Infiltrates or Outfall is Dry,Dry,Unknown,,0,0,PALISADES,FALSE,{F793BB7D-2AA5-48FA-8294-218E3F3B93B5},0
L01-766-9,2022-06-28,Undetermined,Pooled or Ponded,Yes,Yes,NA,NA,PALISADES,FALSE,{897EC9EE-5CAB-4DFE-896A-03DD917D9C2F},NA
L01-766-9,2022-09-06,Undetermined,Pooled or Ponded,Yes,Yes,NA,NA,PALISADES,FALSE,{897EC9EE-5CAB-4DFE-896A-03DD917D9C2F},NA
L02-166-1 (L02PXX),2022-07-27,Undetermined,Flowing,Yes,,0.05608,NA,TRABUCO,FALSE,{16A76DB0-63C1-4ED7-8125-2F40FB1F2F53},0.05608
L02-166-2 (L02P25),2022-07-27,Undetermined,Flowing,Yes,,0.11167450000000001,0.083,TRABUCO,FALSE,{FF3574C5-E460-4A7F-94BD-7DEF35298977},0.09733725000000001
L02-166-2 (L02P25),2022-09-20,Undetermined,Flowing,Yes,,NA,0.03,TRABUCO,FALSE,{FF3574C5-E460-4A7F-94BD-7DEF35298977},0.03
L02-166-3 (L02P26),2022-06-27,Undetermined,Flowing,Yes,Yes,0.016819,0.021,TRABUCO,FALSE,{AED9AC9A-14FC-4E0A-BDF2-5D947063BA3D},0.018909500000000003
L02-166-3 (L02P26),2022-08-25,Undetermined,Flowing,Yes,Yes,NA,0.026,TRABUCO,FALSE,{AED9AC9A-14FC-4E0A-BDF2-5D947063BA3D},0.026
L02-198-1 (L02P29),2022-07-27,None - Flow Infiltrates or Outfall is Dry,Flowing,Yes,,NA,NA,TRABUCO,FALSE,{B9C33AB1-61DE-417E-AE9D-511CF2D50E19},NA
L02-198-1 (L02P29),2022-09-20,Partial - Significant Distance,Flowing,Yes,,0.012,NA,TRABUCO,FALSE,{B9C33AB1-61DE-417E-AE9D-511CF2D50E19},0.012
L02-204-1 (L02P45),2022-07-27,None - Flow Infiltrates or Outfall is Dry,Flowing,Yes,,0.00788,NA,TRABUCO,FALSE,{41CB5673-9B11-493E-B0F9-13C85AD6312E},0.00788
L02-204-1 (L02P45),2022-09-20,None - Flow Infiltrates or Outfall is Dry,Flowing,Yes,,0.013333,NA,TRABUCO,FALSE,{41CB5673-9B11-493E-B0F9-13C85AD6312E},0.013333
L02-246-1 (L11P01),2022-06-27,Direct Connection,Flowing,Yes,Yes,0.07875,NA,TRABUCO,FALSE,{47F2CB46-F01F-4454-981E-098E7CCE32F4},0.07875
L02-246-1 (L11P01),2022-08-25,Direct Connection,Flowing,Yes,Yes,0.06,NA,TRABUCO,FALSE,{47F2CB46-F01F-4454-981E-098E7CCE32F4},0.06
L02-344-1,2022-07-26,Undetermined,Pooled or Ponded,Unknown,,NA,NA,ELTORO,FALSE,{AE100243-D2E2-4C52-A74B-B024BF8A3C36},NA
L02-344-1,2022-09-19,None - Flow Infiltrates or Outfall is Dry,Dry,Unknown,,0,0,ELTORO,FALSE,{AE100243-D2E2-4C52-A74B-B024BF8A3C36},0
L02-344-2,2022-07-26,Undetermined,Pooled or Ponded,Yes,,NA,NA,ELTORO,FALSE,{E885A8CA-0AA1-47CD-A582-4DCD7E616FC7},NA
L02-344-2,2022-09-19,Undetermined,Flowing,Yes,,0.06,NA,ELTORO,FALSE,{E885A8CA-0AA1-47CD-A582-4DCD7E616FC7},0.06
L02-359-1 (L02P43),2022-06-17,Undetermined,Flowing,Yes,,0.0045,NA,SULPHURCREEK,FALSE,{5281A820-F1BE-47B1-99ED-ECE4A151A02B},0.0045
L02-359-1 (L02P43),2022-09-26,Undetermined,Pooled or Ponded,Yes,,NA,NA,SULPHURCREEK,FALSE,{5281A820-F1BE-47B1-99ED-ECE4A151A02B},NA
L02-366-1 (MVL02P14),2022-06-17,Undetermined,Flowing,Yes,,0.02475,0.016,SULPHURCREEK,FALSE,{34BE191E-FD69-4347-A83F-3FDAA41E39CE},0.020375
L02-366-1 (MVL02P14),2022-09-01,Partial - Significant Distance,Flowing,Yes,,NA,0.009,SULPHURCREEK,FALSE,{34BE191E-FD69-4347-A83F-3FDAA41E39CE},0.009
L02-374-1 (L02P50),2022-06-16,Undetermined,Flowing,Yes,Yes,0.190157,NA,SULPHURCREEK,FALSE,{5DF64E4A-01D2-4F6C-919E-DCBB0BDD3E55},0.190157
L02-374-1 (L02P50),2022-09-06,Undetermined,Flowing,Yes,Yes,NA,NA,SULPHURCREEK,FALSE,{5DF64E4A-01D2-4F6C-919E-DCBB0BDD3E55},NA
L02-374-2 (MVL02P20),2022-06-17,Undetermined,Flowing,Yes,,0.01,NA,SULPHURCREEK,FALSE,{B1A00FFE-8CDF-4358-8FDF-A6FA58C9C0BA},0.01
L02-374-2 (MVL02P20),2022-09-26,Undetermined,Flowing,Yes,,NA,NA,SULPHURCREEK,FALSE,{B1A00FFE-8CDF-4358-8FDF-A6FA58C9C0BA},NA
L02-401-1,2022-06-08,Direct Connection,Pooled or Ponded,Yes,,NA,NA,SULPHURCREEK,FALSE,{14FA5899-75CF-4C8D-8DBB-69BF4CCF982A},NA
L02-401-1,2022-09-19,Direct Connection,Pooled or Ponded,Yes,,NA,NA,SULPHURCREEK,FALSE,{14FA5899-75CF-4C8D-8DBB-69BF4CCF982A},NA
L02-401-2 (COL02P55),2022-06-16,None - Flow Infiltrates or Outfall is Dry,Pooled or Ponded,Yes,,NA,NA,SULPHURCREEK,FALSE,{6D0EBCA6-4D3F-4C1C-894E-0641CFB65C37},NA
L02-401-2 (COL02P55),2022-09-06,Direct Connection,Pooled or Ponded,Yes,,NA,NA,SULPHURCREEK,FALSE,{6D0EBCA6-4D3F-4C1C-894E-0641CFB65C37},NA
L02-502-1,2022-07-06,Undetermined,Pooled or Ponded,Unknown,,NA,NA,SULPHURCREEK,FALSE,{80AEE061-5CEE-4A9A-91C8-024626A1725A},NA
L02-502-1,2022-08-11,None - Flow Infiltrates or Outfall is Dry,Dry,Unknown,,0,0,SULPHURCREEK,FALSE,{80AEE061-5CEE-4A9A-91C8-024626A1725A},0
L02-502-5,2022-07-06,None - Flow Infiltrates or Outfall is Dry,Dry,Unknown,,0,0,SULPHURCREEK,FALSE,{3912E472-E933-4D2C-AB01-D62EBFBB52E2},0
L02-502-5,2022-08-11,None - Flow Infiltrates or Outfall is Dry,Dry,Unknown,,0,0,SULPHURCREEK,FALSE,{3912E472-E933-4D2C-AB01-D62EBFBB52E2},0
L02-541-2,2022-06-28,None - Flow Infiltrates or Outfall is Dry,Dry,Unknown,,0,0,PALISADES,FALSE,{80D3DC2F-82C1-41D7-B291-FBE03B0CC399},0
L02-541-2,2022-09-14,None - Flow Infiltrates or Outfall is Dry,Dry,Unknown,,0,0,PALISADES,FALSE,{80D3DC2F-82C1-41D7-B291-FBE03B0CC399},0
L02-541-6,2022-06-28,Direct Connection,Flowing,Yes,,NA,NA,PALISADES,FALSE,{182F8328-651A-4982-91BA-8A69837B2509},NA
L02-541-6,2022-09-14,Direct Connection,Pooled or Ponded,Yes,,NA,NA,PALISADES,FALSE,{182F8328-651A-4982-91BA-8A69837B2509},NA
L02-541-7,2022-06-28,None - Flow Infiltrates or Outfall is Dry,Dry,Unknown,,0,0,PALISADES,FALSE,{610DC3A7-793E-4344-A914-88E70E636144},0
L02-541-7,2022-09-14,None - Flow Infiltrates or Outfall is Dry,Dry,Unknown,,0,0,PALISADES,FALSE,{610DC3A7-793E-4344-A914-88E70E636144},0
L02-541-9 (L02P02),2022-06-22,None - Flow Infiltrates or Outfall is Dry,Flowing,Yes,,0.077,NA,PALISADES,FALSE,{6FE5A355-7E45-4A1E-8A7B-8CD7AB8F0640},0.077
L02-541-9 (L02P02),2022-08-11,Undetermined,Flowing,Yes,,0.0419875,0.006,PALISADES,FALSE,{6FE5A355-7E45-4A1E-8A7B-8CD7AB8F0640},0.023993749999999998
L02-571-3,2022-07-20,Direct Connection,Pooled or Ponded,Unknown,,NA,NA,PALISADES,FALSE,{3871EFB2-8754-476F-9342-3419290C4138},NA
L02-571-3,2022-09-14,Direct Connection,Pooled or Ponded,Unknown,,NA,NA,PALISADES,FALSE,{3871EFB2-8754-476F-9342-3419290C4138},NA
L02-571-5 (L02TBN2),2022-06-28,Direct Connection,Pooled or Ponded,Unknown,,NA,NA,PALISADES,FALSE,{84E0BC14-2EA7-43A4-9B95-F0347A2814D5},NA
L02-571-5 (L02TBN2),2022-09-14,Direct Connection,Pooled or Ponded,Unknown,,NA,NA,PALISADES,FALSE,{84E0BC14-2EA7-43A4-9B95-F0347A2814D5},NA
L02-622-1 (L02P28),2022-07-27,Undetermined,Pooled or Ponded,Unknown,,NA,NA,TRABUCO,FALSE,{A8A6C5E9-EB4C-4FB5-8B4D-A18B9FBF9A32},NA
L02-622-1 (L02P28),2022-09-20,Undetermined,Flowing,Unknown,,NA,NA,TRABUCO,FALSE,{A8A6C5E9-EB4C-4FB5-8B4D-A18B9FBF9A32},NA
L02-641-1,2022-06-27,Direct Connection,Flowing,Yes,Yes,0.0468,NA,TRABUCO,FALSE,{7DFD67EB-AD81-432B-9BA4-25696CAD78C5},0.0468
L02-641-1,2022-08-25,Direct Connection,Flowing,Yes,Yes,NA,NA,TRABUCO,FALSE,{7DFD67EB-AD81-432B-9BA4-25696CAD78C5},NA
L02-641-2,2022-06-27,Direct Connection,,Yes,Yes,0.5177499999999999,0.05,TRABUCO,FALSE,{940E7A8B-73AA-47EA-96AA-2A8B9F4D5926},0.283875
L02-641-2,2022-06-27,Direct Connection,Flowing,Yes,Yes,0.5177499999999999,0.05,TRABUCO,FALSE,{940E7A8B-73AA-47EA-96AA-2A8B9F4D5926},0.283875
L02-641-2,2022-08-25,Direct Connection,Flowing,Yes,Yes,NA,0.009,TRABUCO,FALSE,{940E7A8B-73AA-47EA-96AA-2A8B9F4D5926},0.009
L03-074-1 (L03B01),2022-06-22,Direct Connection,Flowing,Yes,,NA,NA,TRABUCO,FALSE,{49BB3F7E-1B73-4CC3-93B9-49EF1F708BBE},NA
L03-074-1 (L03B01),2022-08-09,Direct Connection,Flowing,Yes,,0.024,0.018,TRABUCO,FALSE,{49BB3F7E-1B73-4CC3-93B9-49EF1F708BBE},0.020999999999999998
L03-141-1,2022-06-22,Direct Connection,Pooled or Ponded,Yes,,NA,NA,TRABUCO,FALSE,{14CC37CD-8D1D-4824-B51F-D5A645DF23CC},NA
L03-141-1,2022-08-09,Direct Connection,Pooled or Ponded,Yes,,NA,NA,TRABUCO,FALSE,{14CC37CD-8D1D-4824-B51F-D5A645DF23CC},NA
L03-141-2,2022-06-22,Direct Connection,Pooled or Ponded,Yes,,NA,NA,TRABUCO,FALSE,{F5FE5213-7964-43D8-9FCF-D95DAD36D8E5},NA
L03-141-2,2022-08-09,Direct Connection,Pooled or Ponded,Yes,,NA,NA,TRABUCO,FALSE,{F5FE5213-7964-43D8-9FCF-D95DAD36D8E5},NA
L03-141-3,2022-06-22,Direct Connection,Pooled or Ponded,Yes,,NA,NA,TRABUCO,FALSE,{E9C93353-55FF-4789-80D4-68FBA02BD5E3},NA
L03-141-3,2022-08-09,Direct Connection,Pooled or Ponded,Yes,,NA,NA,TRABUCO,FALSE,{E9C93353-55FF-4789-80D4-68FBA02BD5E3},NA
L03-142-1 (L03P24),2022-07-27,Undetermined,Flowing,Yes,,0.0149215,0.002,TRABUCO,FALSE,{82E345FE-8901-4935-B75E-BDD689E85A6F},0.00846075
L03-142-1 (L03P24),2022-09-01,Undetermined,Flowing,Yes,,NA,0.001,TRABUCO,FALSE,{82E345FE-8901-4935-B75E-BDD689E85A6F},0.001
L03-214-2 (L03P18),2022-06-14,Direct Connection,Flowing,Yes,Yes,NA,0.153,ELTORO,FALSE,{694200E0-F61E-493C-B4FD-35F10C96F460},0.153
L03-214-2 (L03P18),2022-08-23,Direct Connection,Flowing,Yes,Yes,NA,0.059,ELTORO,FALSE,{694200E0-F61E-493C-B4FD-35F10C96F460},0.059
L03-240-1 (L03P14),2022-06-22,Direct Connection,Flowing,Yes,,0.0108,NA,ELTORO,FALSE,{B36B0F25-9FB6-4A77-9FE1-F916D2BDB697},0.0108
L03-240-1 (L03P14),2022-08-09,Direct Connection,Flowing,Yes,,0.019024,0.016,ELTORO,FALSE,{B36B0F25-9FB6-4A77-9FE1-F916D2BDB697},0.017512
L03-241-3,2022-08-09,Direct Connection,Flowing,Unknown,,0.418065,NA,ELTORO,FALSE,{8ED5573E-DFDE-4B76-A102-B5B1CF23353B},0.418065
L03-241-4,2022-06-22,Direct Connection,Flowing,Yes,,NA,NA,ELTORO,FALSE,{47F716AD-32FA-4E10-9846-98471CD662B4},NA
L03-241-4,2022-08-09,Direct Connection,Flowing,Yes,,0.021091,NA,ELTORO,FALSE,{47F716AD-32FA-4E10-9846-98471CD662B4},0.021091
L03-316-1,2022-08-02,Direct Connection,Flowing,Yes,,0.010313,NA,ELTORO,FALSE,{085CE6CF-F6A5-4D42-8E70-84B8F03CB7C2},0.010313
L03-316-1,2022-09-01,Direct Connection,Flowing,Yes,,NA,0.028,ELTORO,FALSE,{085CE6CF-F6A5-4D42-8E70-84B8F03CB7C2},0.028
L03-316-2,2022-06-22,Direct Connection,Flowing,Yes,,NA,NA,ELTORO,FALSE,{3F70559C-0FAD-4D97-9983-A4BA1217498F},NA
L03-316-2,2022-08-02,Partial - Significant Distance,Flowing,Yes,,NA,0.002,ELTORO,FALSE,{3F70559C-0FAD-4D97-9983-A4BA1217498F},0.002
L03-316-2,2022-09-01,Partial - Significant Distance,Flowing,Yes,,NA,NA,ELTORO,FALSE,{3F70559C-0FAD-4D97-9983-A4BA1217498F},NA
L03-316-3 (L03P12),2022-06-14,Direct Connection,Flowing,Yes,Yes,NA,0.071,ELTORO,FALSE,{ADF910F2-1925-4DDA-B329-3228C543E1CB},0.071
L03-316-3 (L03P12),2022-08-23,Direct Connection,Flowing,Yes,Yes,NA,0.026,ELTORO,FALSE,{ADF910F2-1925-4DDA-B329-3228C543E1CB},0.026
L03-316-4,2022-06-22,Direct Connection,Flowing,Yes,,NA,NA,ELTORO,FALSE,{013DEF0D-A524-413F-A01F-3700B35EEACE},NA
L03-316-4,2022-09-01,Partial - Significant Distance,Flowing,Yes,,NA,0,ELTORO,FALSE,{013DEF0D-A524-413F-A01F-3700B35EEACE},0
L03-418-1,2022-07-06,Direct Connection,Flowing,Yes,,0.0893615,0.014,SULPHURCREEK,FALSE,{8087A7D1-E729-48B8-B8F0-6F542F01E3FD},0.05168075
L03-418-1,2022-09-21,Direct Connection,Flowing,Yes,,NA,0.004,SULPHURCREEK,FALSE,{8087A7D1-E729-48B8-B8F0-6F542F01E3FD},0.004
L03-418-2,2022-06-23,Partial - Significant Distance,Flowing,Yes,,NA,NA,SULPHURCREEK,FALSE,{06560A1C-A452-4CBC-9B61-5BD085C0EC0B},NA
L03-418-2,2022-08-04,Partial - Significant Distance,Flowing,Yes,,0.017333,NA,SULPHURCREEK,FALSE,{06560A1C-A452-4CBC-9B61-5BD085C0EC0B},0.017333
L03-418-3,2022-06-23,Partial - Significant Distance,Pooled or Ponded,Unknown,,NA,NA,SULPHURCREEK,FALSE,{22376DF3-FDA8-47F9-A88E-F80545512E84},NA
L03-418-3,2022-08-04,None - Flow Infiltrates or Outfall is Dry,Dry,Unknown,,0,0,SULPHURCREEK,FALSE,{22376DF3-FDA8-47F9-A88E-F80545512E84},0
L03-418-8,2022-06-15,Direct Connection,Flowing,Yes,Yes,0.1,NA,SULPHURCREEK,FALSE,{4224C49D-E7E1-4F5C-9724-113E11C9E9A8},0.1
L03-418-8,2022-08-18,Direct Connection,Flowing,Yes,Yes,0.098182,NA,SULPHURCREEK,FALSE,{4224C49D-E7E1-4F5C-9724-113E11C9E9A8},0.098182
L03-455-2,2022-07-06,Direct Connection,Flowing,Yes,,0.0216895,0.001,SULPHURCREEK,FALSE,{7E6762BC-9D48-4526-9D88-1BEE27C84D0A},0.01134475
L03-455-2,2022-08-11,Direct Connection,Flowing,Yes,,0.0011105,0.001,SULPHURCREEK,FALSE,{7E6762BC-9D48-4526-9D88-1BEE27C84D0A},0.00105525
L03-455-3 (L03P37),2022-07-06,None - Flow Infiltrates or Outfall is Dry,Dry,Unknown,,0,0,SULPHURCREEK,FALSE,{EA609467-FD74-48DE-8B48-BB275FE1F19A},0
L03-455-3 (L03P37),2022-08-11,None - Flow Infiltrates or Outfall is Dry,Dry,Unknown,,0,0,SULPHURCREEK,FALSE,{EA609467-FD74-48DE-8B48-BB275FE1F19A},0
L03-455-4,2022-07-06,None - Flow Infiltrates or Outfall is Dry,Dry,Unknown,,0,0,SULPHURCREEK,FALSE,{600BD74A-455E-480D-969C-2F0102B60635},0
L03-455-4,2022-08-11,None - Flow Infiltrates or Outfall is Dry,Dry,Unknown,,0,0,SULPHURCREEK,FALSE,{600BD74A-455E-480D-969C-2F0102B60635},0
L03-455-5,2022-07-06,None - Flow Infiltrates or Outfall is Dry,Dry,Unknown,,0,0,SULPHURCREEK,FALSE,{B01BBCF8-264F-4698-9E95-E51471EACBB1},0
L03-455-5,2022-09-21,None - Flow Infiltrates or Outfall is Dry,Dry,Unknown,,0,0,SULPHURCREEK,FALSE,{B01BBCF8-264F-4698-9E95-E51471EACBB1},0
L03-455-6,2022-07-06,None - Flow Infiltrates or Outfall is Dry,Dry,Unknown,,0,0,SULPHURCREEK,FALSE,{3D94996A-864A-4B4A-93E9-6D4FAF24B1B7},0
L03-455-6,2022-09-21,None - Flow Infiltrates or Outfall is Dry,Dry,Unknown,,0,0,SULPHURCREEK,FALSE,{3D94996A-864A-4B4A-93E9-6D4FAF24B1B7},0
L03-455-7,2022-07-06,Direct Connection,Flowing,Yes,,0.0087855,0.004,SULPHURCREEK,FALSE,{0AAC6CCE-7032-4220-AA64-E80986CDB7F2},0.00639275
L03-455-7,2022-09-21,Direct Connection,Flowing,Yes,,0.02,NA,SULPHURCREEK,FALSE,{0AAC6CCE-7032-4220-AA64-E80986CDB7F2},0.02
L03-662-3 (L03P16),2022-06-14,Partial - Significant Distance,Flowing,Yes,Yes,NA,NA,ELTORO,FALSE,{A410A82C-AF6C-4CCA-BAC5-6E25F4039D41},NA
L03-662-3 (L03P16),2022-08-23,Partial - Significant Distance,Flowing,Yes,Yes,NA,0.028,ELTORO,FALSE,{A410A82C-AF6C-4CCA-BAC5-6E25F4039D41},0.028
L03-691-1 (L03P09),2022-07-06,Partial - Significant Distance,Pooled or Ponded,Yes,,NA,NA,ELTORO,FALSE,{A46C6F40-FDBC-4070-86ED-866644B07428},NA
L03-693-1 (L03P11),2022-07-06,Direct Connection,Flowing,Yes,,0.0325,0.011,ELTORO,FALSE,{EA5E6ACE-3E1C-43C1-8629-A007A2C06A36},0.02175
L03-693-1 (L03P11),2022-08-23,Direct Connection,Flowing,Yes,,NA,0.011,ELTORO,FALSE,{EA5E6ACE-3E1C-43C1-8629-A007A2C06A36},0.011
L03-708-1,2022-06-15,Direct Connection,Flowing,Yes,,NA,0.007,SULPHURCREEK,FALSE,{44E024D0-D161-42C4-B953-3B26BC5AB579},0.007
L03-708-1,2022-06-15,Direct Connection,Flowing,Yes,,NA,0.049,SULPHURCREEK,FALSE,{44E024D0-D161-42C4-B953-3B26BC5AB579},0.049
L03-708-1,2022-08-18,Direct Connection,Flowing,Yes,,NA,0.003,SULPHURCREEK,FALSE,{44E024D0-D161-42C4-B953-3B26BC5AB579},0.003
L03-708-11 (L03P05),2022-06-23,Direct Connection,Flowing,Yes,,0.1808505,0.022,SULPHURCREEK,FALSE,{D0B00686-BBBD-4543-B725-46856EE3A1A0},0.10142525
L03-708-11 (L03P05),2022-08-04,None - Flow Infiltrates or Outfall is Dry,Flowing,Yes,,0.06084099999999999,0.012,SULPHURCREEK,FALSE,{D0B00686-BBBD-4543-B725-46856EE3A1A0},0.036420499999999995
L03-708-13,2022-06-23,Direct Connection,Flowing,Yes,,0.09,NA,SULPHURCREEK,FALSE,{20164D58-A077-45A1-8D67-D8C0FBC284B8},0.09
L03-708-13,2022-08-04,Direct Connection,Flowing,Yes,,0.016923,NA,SULPHURCREEK,FALSE,{20164D58-A077-45A1-8D67-D8C0FBC284B8},0.016923
L03-708-5,2022-06-23,None - Flow Infiltrates or Outfall is Dry,Dry,Unknown,,0,0,SULPHURCREEK,FALSE,{80131D44-20B9-48C8-962C-C75A86DACEB2},0
L03-708-5,2022-08-04,None - Flow Infiltrates or Outfall is Dry,Dry,Unknown,,0,0,SULPHURCREEK,FALSE,{80131D44-20B9-48C8-962C-C75A86DACEB2},0
L03-708-9,2022-06-23,Direct Connection,Flowing,Yes,,0.00525,NA,SULPHURCREEK,FALSE,{FD9D5E93-9C46-49EC-B628-B56D1864239C},0.00525
L03-708-9,2022-08-04,Direct Connection,Flowing,Yes,,0.0071565,0.005,SULPHURCREEK,FALSE,{FD9D5E93-9C46-49EC-B628-B56D1864239C},0.00607825
L04-136-1u (L04P07),2022-06-29,Partial - Significant Distance,Flowing,Yes,,0.126,NA,ELTORO,FALSE,{B8BEA8A0-3AAC-49CA-83D6-198977198F41},0.126
L04-136-1u (L04P07),2022-08-23,Partial - Significant Distance,Flowing,Yes,,0.226573,NA,ELTORO,FALSE,{B8BEA8A0-3AAC-49CA-83D6-198977198F41},0.226573
L04-266-5,2022-06-14,Direct Connection,Flowing,Yes,Yes,0.217141,NA,ELTORO,FALSE,{9CBD6267-1249-4AB5-AA53-A9CD65501C1D},0.217141
L04-266-5,2022-08-23,Direct Connection,Flowing,Yes,Yes,NA,NA,ELTORO,FALSE,{9CBD6267-1249-4AB5-AA53-A9CD65501C1D},NA
L04-672-1,2022-06-29,Partial - Significant Distance,,Yes,Yes,0.107706,0.059,ELTORO,FALSE,{9559CB47-0239-4B3A-B6FF-38E557824BEC},0.083353
L04-672-1,2022-06-29,Partial - Significant Distance,Flowing,Yes,Yes,0.107706,0.059,ELTORO,FALSE,{9559CB47-0239-4B3A-B6FF-38E557824BEC},0.083353
L04-672-1,2022-08-23,Partial - Significant Distance,Flowing,Yes,Yes,NA,0.05,ELTORO,FALSE,{9559CB47-0239-4B3A-B6FF-38E557824BEC},0.05
L04-702-1 (L04P02),2022-08-02,Direct Connection,Flowing,Yes,,0.057143,NA,SULPHURCREEK,FALSE,{7FD1636E-ED34-4FE6-8232-0809F76D4268},0.057143
L04-702-1 (L04P02),2022-09-01,Direct Connection,Pooled or Ponded,Yes,,NA,NA,SULPHURCREEK,FALSE,{7FD1636E-ED34-4FE6-8232-0809F76D4268},NA
L04-702-4,2022-08-02,None - Flow Infiltrates or Outfall is Dry,Dry,Unknown,,0,0,SULPHURCREEK,FALSE,{9429FA86-6A47-441F-8775-95A2DA9CACC7},0
L04-702-4,2022-09-01,None - Flow Infiltrates or Outfall is Dry,Dry,Unknown,,0,0,SULPHURCREEK,FALSE,{9429FA86-6A47-441F-8775-95A2DA9CACC7},0
L05-049-1,2022-06-16,Direct Connection,Flowing,Yes,Yes,0.48488450000000005,NA,SULPHURCREEK,FALSE,{B2A1E667-9853-4699-9E7C-64A87D6A78B6},0.48488450000000005
L05-049-1,2022-09-06,Direct Connection,Flowing,Yes,Yes,NA,0.163,SULPHURCREEK,FALSE,{B2A1E667-9853-4699-9E7C-64A87D6A78B6},0.163
L05-049-2,2022-09-06,Direct Connection,Flowing,Yes,,0.2346,NA,SULPHURCREEK,FALSE,{72B47D7C-FACB-4E33-BEC8-0FB261AFA676},0.2346
L05-489-3,2022-06-16,Direct Connection,Flowing,Yes,Yes,1.5343335,NA,SULPHURCREEK,FALSE,{C7C5C7FF-5ABD-4100-A07F-AD4029A16E9D},1.5343335
L05-489-3,2022-09-06,Direct Connection,Flowing,Yes,Yes,NA,NA,SULPHURCREEK,FALSE,{C7C5C7FF-5ABD-4100-A07F-AD4029A16E9D},NA
L05-489-3d,2022-06-16,Direct Connection,Flowing,Yes,,1.96248,NA,SULPHURCREEK,FALSE,{AB8E0D12-8F63-49AB-B36D-666D80A86575},1.96248
L05-489-3d,2022-09-06,Direct Connection,Flowing,Yes,,2.053333,NA,SULPHURCREEK,FALSE,{AB8E0D12-8F63-49AB-B36D-666D80A86575},2.053333
L05-489-4,2022-06-16,None - Flow Infiltrates or Outfall is Dry,Pooled or Ponded,Yes,,NA,NA,SULPHURCREEK,FALSE,{89504E55-47E7-478E-A5C9-5CFF9D030D7C},NA
L05-489-4,2022-09-06,Direct Connection,Pooled or Ponded,Yes,,NA,NA,SULPHURCREEK,FALSE,{89504E55-47E7-478E-A5C9-5CFF9D030D7C},NA
L05-489-7,2022-06-16,Direct Connection,Flowing,Yes,,NA,0.013,SULPHURCREEK,FALSE,{9BFA7A22-DD6F-4A84-9ABE-48063EA402CA},0.013
L05-489-7,2022-06-16,Direct Connection,Pooled or Ponded,Yes,,NA,0.013,SULPHURCREEK,FALSE,{9BFA7A22-DD6F-4A84-9ABE-48063EA402CA},0.013
L05-489-7,2022-09-06,Direct Connection,Flowing,Yes,,NA,0.028,SULPHURCREEK,FALSE,{9BFA7A22-DD6F-4A84-9ABE-48063EA402CA},0.028
L05-503-1,2022-06-22,Direct Connection,Flowing,Yes,Yes,0.034286,NA,PALISADES,FALSE,{0D74C298-E380-451C-AD48-D54F338F6F15},0.034286
L05-503-1,2022-09-06,Direct Connection,Flowing,Yes,Yes,0.094286,NA,PALISADES,FALSE,{0D74C298-E380-451C-AD48-D54F338F6F15},0.094286
LC01-11446-1,2022-07-05,Direct Connection,Pooled or Ponded,Yes,,NA,NA,LAGUNABEACH,FALSE,{3BF05356-3912-4A4C-A382-01CE34EA71C0},NA
LC01-11446-1,2022-09-07,Partial - Significant Distance,Flowing,Yes,,0.0072,NA,LAGUNABEACH,FALSE,{3BF05356-3912-4A4C-A382-01CE34EA71C0},0.0072
LC02-11508-2,2022-07-05,Direct Connection,Flowing,Yes,,0.009125,NA,LAGUNABEACH,FALSE,{39B42BE3-2E3A-4C89-B9C2-10A02F3B465A},0.009125
LC02-11508-2,2022-08-16,Undetermined,Flowing,Yes,,0.007273,NA,LAGUNABEACH,FALSE,{39B42BE3-2E3A-4C89-B9C2-10A02F3B465A},0.007273
LC02-11508-3,2022-07-05,None - Flow Infiltrates or Outfall is Dry,Dry,Unknown,,0,0,LAGUNABEACH,FALSE,{7A79C33A-1E84-41B0-AAFC-7A7C54A33C8A},0
LC02-11508-3,2022-08-16,None - Flow Infiltrates or Outfall is Dry,Dry,Unknown,,0,0,LAGUNABEACH,FALSE,{7A79C33A-1E84-41B0-AAFC-7A7C54A33C8A},0
LC03-11515-1,2022-07-05,Direct Connection,Pooled or Ponded,Yes,,NA,NA,LAGUNABEACH,FALSE,{886775A2-E4C3-48F3-9D28-64111BB5241F},NA
LC03-11515-1,2022-09-01,None - Flow Infiltrates or Outfall is Dry,Flowing,Yes,,0.017962,NA,LAGUNABEACH,FALSE,{886775A2-E4C3-48F3-9D28-64111BB5241F},0.017962
LC05-11017-1,2022-07-05,None - Flow Infiltrates or Outfall is Dry,Dry,Unknown,,0,0,LAGUNABEACH,FALSE,{24F652D0-BF65-4204-9DC3-780FC50FFC89},0
LC05-11017-1,2022-08-29,None - Flow Infiltrates or Outfall is Dry,Dry,Unknown,,0,0,LAGUNABEACH,FALSE,{24F652D0-BF65-4204-9DC3-780FC50FFC89},0
LC06-11019-1,2022-06-21,None - Flow Infiltrates or Outfall is Dry,Flowing,Yes,,0.12,NA,LAGUNABEACH,FALSE,{4234D10E-D9CC-4748-92EA-FECEEAEBE008},0.12
LC06-11019-1,2022-08-16,Direct Connection,Flowing,Yes,,0.00265,NA,LAGUNABEACH,FALSE,{4234D10E-D9CC-4748-92EA-FECEEAEBE008},0.00265
LC06-11509-2,2022-06-21,None - Flow Infiltrates or Outfall is Dry,Flowing,Yes,,0.007759,NA,LAGUNABEACH,FALSE,{33142BAF-4557-481B-875A-E7A3CFFBFCB1},0.007759
LC06-11509-2,2022-07-05,Partial - Significant Distance,Flowing,Yes,,NA,NA,LAGUNABEACH,FALSE,{33142BAF-4557-481B-875A-E7A3CFFBFCB1},NA
LC06-11509-2,2022-08-16,Direct Connection,Flowing,Yes,,0.013333,NA,LAGUNABEACH,FALSE,{33142BAF-4557-481B-875A-E7A3CFFBFCB1},0.013333
M00.1-071-2 (M00S04),2022-07-19,None - Flow Infiltrates or Outfall is Dry,Dry,Unknown,,0,0,PALISADES,FALSE,{8E421913-F6B8-41F6-B51D-B3916452A11D},0
M00.1-071-2 (M00S04),2022-08-30,None - Flow Infiltrates or Outfall is Dry,Dry,Unknown,,0,0,PALISADES,FALSE,{8E421913-F6B8-41F6-B51D-B3916452A11D},0
M00.1-071-3 (M00S04),2022-07-19,Direct Connection,Pooled or Ponded,Yes,,NA,NA,PALISADES,FALSE,{564BA613-62BA-484C-8F8D-10DB77A3916D},NA
M00.1-071-3 (M00S04),2022-08-30,Direct Connection,Pooled or Ponded,Yes,,NA,NA,PALISADES,FALSE,{564BA613-62BA-484C-8F8D-10DB77A3916D},NA
M00.2-066-1 (M00S07),2022-07-19,Partial - Significant Distance,Flowing,Yes,,0.00625,NA,PALISADES,FALSE,{5554CB30-DBF5-4F05-9145-3024520F5CD4},0.00625
M00.2-066-1 (M00S07),2022-08-08,Partial - Significant Distance,Pooled or Ponded,Yes,,NA,NA,PALISADES,FALSE,{5554CB30-DBF5-4F05-9145-3024520F5CD4},NA
M01-008-1,2022-07-26,Direct Connection,Pooled or Ponded,Unknown,,NA,NA,PALISADES,FALSE,{B4C2DE98-2903-4237-914D-570020690CEC},NA
M01-008-1,2022-09-15,Direct Connection,Pooled or Ponded,Unknown,,NA,NA,PALISADES,FALSE,{B4C2DE98-2903-4237-914D-570020690CEC},NA
M01-038-3,2022-07-26,Direct Connection,Flowing,Yes,,1.8e-5,NA,PALISADES,FALSE,{0DF4331E-C350-41BF-969E-1D66F2881789},1.8e-5
M01-038-3,2022-09-15,Direct Connection,Flowing,Yes,,0.0192,NA,PALISADES,FALSE,{0DF4331E-C350-41BF-969E-1D66F2881789},0.0192
M01-038-6,2022-07-26,Direct Connection,,Yes,,0.001667,NA,PALISADES,FALSE,{AB60FC8E-0055-439B-B787-2F2FED23807A},0.001667
M01-038-6,2022-09-15,Direct Connection,Flowing,Yes,,0.008,NA,PALISADES,FALSE,{AB60FC8E-0055-439B-B787-2F2FED23807A},0.008
M01-042-1 (M01S01),2022-06-30,Partial - Significant Distance,Flowing,Yes,Yes,NA,0.001,PALISADES,FALSE,{D81C1D29-E0B6-4468-A3DA-A14172F34DD5},0.001
M01-042-1 (M01S01),2022-09-08,Partial - Significant Distance,Flowing,Yes,Yes,NA,0.001,PALISADES,FALSE,{D81C1D29-E0B6-4468-A3DA-A14172F34DD5},0.001
M01-047-1,2022-06-30,Direct Connection,Flowing,Yes,Yes,0.2394,NA,PALISADES,FALSE,{986D4C77-948D-4582-A23D-BF24985A8B51},0.2394
M01-047-1,2022-09-08,Direct Connection,Flowing,Yes,Yes,0.588387,NA,PALISADES,FALSE,{986D4C77-948D-4582-A23D-BF24985A8B51},0.588387
M01-050-4 (M01@CGV),2022-07-26,Direct Connection,Flowing,Yes,,NA,0.013,PALISADES,FALSE,{0B20DCA2-E5EF-49F5-AEA0-7EF86C614A49},0.013
M01-050-4 (M01@CGV),2022-09-15,Direct Connection,,Yes,,NA,0.011,PALISADES,FALSE,{0B20DCA2-E5EF-49F5-AEA0-7EF86C614A49},0.011
M01-050-4 (M01@CGV),2022-09-15,Direct Connection,Flowing,Yes,,NA,0.011,PALISADES,FALSE,{0B20DCA2-E5EF-49F5-AEA0-7EF86C614A49},0.011
M01-050-7,2022-07-26,None - Flow Infiltrates or Outfall is Dry,Dry,Unknown,,0,0,PALISADES,FALSE,{C9AF768A-2A02-4DA5-A0A2-B1935AC72D2C},0
M01-050-7,2022-09-15,Direct Connection,Flowing,Unknown,,8e-6,NA,PALISADES,FALSE,{C9AF768A-2A02-4DA5-A0A2-B1935AC72D2C},8e-6
M01-060-3,2022-07-20,Partial - Significant Distance,Flowing,Yes,,0.476809,NA,PALISADES,FALSE,{7E285DCF-C197-4473-A6A6-DE27863098BF},0.476809
M01-060-3,2022-09-28,Direct Connection,Flowing,Yes,,0.843429,NA,PALISADES,FALSE,{7E285DCF-C197-4473-A6A6-DE27863098BF},0.843429
M01-099-1,2022-07-26,Direct Connection,Flowing,Yes,,NA,0.005,PALISADES,FALSE,{43A185DF-1F9A-4C1C-9F07-AA2BE1E7BCB9},0.005
M01-099-1,2022-09-15,Direct Connection,Flowing,Yes,,NA,0.006,PALISADES,FALSE,{43A185DF-1F9A-4C1C-9F07-AA2BE1E7BCB9},0.006
M01-124-2,2022-07-26,Direct Connection,Flowing,Yes,,NA,0.004,PALISADES,FALSE,{B4FCF9CC-A9DE-46B1-8099-5EE10514BE7E},0.004
M01-124-2,2022-09-15,Direct Connection,Flowing,Yes,,NA,0.002,PALISADES,FALSE,{B4FCF9CC-A9DE-46B1-8099-5EE10514BE7E},0.002
M01-124-4,2022-07-26,Direct Connection,Pooled or Ponded,Unknown,,NA,NA,PALISADES,FALSE,{FA68CCE1-A2A8-414F-8411-9E05511C841E},NA
M01-124-4,2022-09-15,Partial - Significant Distance,Flowing,Unknown,,0.0012,NA,PALISADES,FALSE,{FA68CCE1-A2A8-414F-8411-9E05511C841E},0.0012
M02-013-1,2022-07-26,Undetermined,Pooled or Ponded,Yes,,NA,NA,PALISADES,FALSE,{28818406-BBEA-4536-A70B-7DEA94341A5E},NA
M02-013-1,2022-08-30,Undetermined,Pooled or Ponded,Yes,,NA,NA,PALISADES,FALSE,{28818406-BBEA-4536-A70B-7DEA94341A5E},NA
M02-013-1,2022-09-15,Undetermined,Pooled or Ponded,Yes,,NA,NA,PALISADES,FALSE,{28818406-BBEA-4536-A70B-7DEA94341A5E},NA
M02-015-1,2022-07-20,Undetermined,Pooled or Ponded,Yes,,NA,NA,PALISADES,FALSE,{EE82778D-4874-4889-8E55-64DF8A4422C0},NA
M02-015-1,2022-08-24,None - Flow Infiltrates or Outfall is Dry,Pooled or Ponded,Yes,,NA,NA,PALISADES,FALSE,{EE82778D-4874-4889-8E55-64DF8A4422C0},NA
M02-028-2 (M02P08),2022-07-26,None - Flow Infiltrates or Outfall is Dry,Pooled or Ponded,Yes,,NA,NA,PALISADES,FALSE,{1707E0E9-430D-4B15-969A-02F4D7D52110},NA
M02-028-2 (M02P08),2022-08-30,None - Flow Infiltrates or Outfall is Dry,Pooled or Ponded,Yes,,NA,NA,PALISADES,FALSE,{1707E0E9-430D-4B15-969A-02F4D7D52110},NA
M02-032-1,2022-06-30,Direct Connection,Flowing,Yes,Yes,0.10395,NA,PALISADES,FALSE,{2B10F0C1-0E21-4FE4-B6F6-8806D0E7CC45},0.10395
M02-032-1,2022-09-08,Direct Connection,Flowing,Yes,Yes,0.285,NA,PALISADES,FALSE,{2B10F0C1-0E21-4FE4-B6F6-8806D0E7CC45},0.285
M02-052-2,2022-07-28,Direct Connection,Flowing,Yes,Yes,0.368415,NA,PALISADES,FALSE,{43B4EE36-979D-4FA8-83C9-4BFA81FACC97},0.368415
M02-052-2,2022-09-08,Direct Connection,Flowing,Yes,Yes,NA,NA,PALISADES,FALSE,{43B4EE36-979D-4FA8-83C9-4BFA81FACC97},NA
M02-052-3,2022-09-08,Direct Connection,,Yes,,NA,0.002,PALISADES,FALSE,{E7B21F39-AB19-4339-B5EA-533C4BDF4CF1},0.002
M02-052-3,2022-09-08,Direct Connection,Flowing,Yes,,NA,0.002,PALISADES,FALSE,{E7B21F39-AB19-4339-B5EA-533C4BDF4CF1},0.002
M02-052-4,2022-07-28,Direct Connection,Flowing,Yes,,NA,NA,PALISADES,FALSE,{3CDC86F8-F190-45F4-8430-F50DADFD797B},NA
M02-052-4,2022-09-08,Direct Connection,,Yes,,NA,0.002,PALISADES,FALSE,{3CDC86F8-F190-45F4-8430-F50DADFD797B},0.002
M02-052-4,2022-09-08,Direct Connection,,Yes,,NA,0.01,PALISADES,FALSE,{3CDC86F8-F190-45F4-8430-F50DADFD797B},0.01
M02-052-4,2022-09-08,Direct Connection,Flowing,Yes,,NA,0.002,PALISADES,FALSE,{3CDC86F8-F190-45F4-8430-F50DADFD797B},0.002
M02-052-4,2022-09-08,Direct Connection,Flowing,Yes,,NA,0.01,PALISADES,FALSE,{3CDC86F8-F190-45F4-8430-F50DADFD797B},0.01
M02-061-4 (SCBS@M02),2022-07-20,Direct Connection,Flowing,Yes,,0.007097,NA,PALISADES,FALSE,{C461CAC3-1849-40E8-B3F7-D3281D347977},0.007097
M02-061-4 (SCBS@M02),2022-08-24,Direct Connection,Flowing,Yes,,NA,NA,PALISADES,FALSE,{C461CAC3-1849-40E8-B3F7-D3281D347977},NA
M02-061-5,2022-07-20,None - Flow Infiltrates or Outfall is Dry,Dry,Unknown,,0,0,PALISADES,FALSE,{CDF7BCAC-53C5-4BB5-A35D-E02581964FBA},0
M02-061-5,2022-08-24,None - Flow Infiltrates or Outfall is Dry,Dry,Unknown,,0,0,PALISADES,FALSE,{CDF7BCAC-53C5-4BB5-A35D-E02581964FBA},0
M02-061-6,2022-07-20,Direct Connection,Flowing,Yes,,NA,NA,PALISADES,FALSE,{4D37DA87-C486-40DA-A876-48258EA473E1},NA
M02-061-6,2022-08-24,Direct Connection,Flowing,Yes,,NA,NA,PALISADES,FALSE,{4D37DA87-C486-40DA-A876-48258EA473E1},NA
M02-061-7,2022-07-20,None - Flow Infiltrates or Outfall is Dry,Flowing,Yes,,NA,NA,PALISADES,FALSE,{225C2BC1-A627-451E-AB2E-10DD6A27CC31},NA
M02-085-1 (M02P06),2022-06-30,Direct Connection,Flowing,Yes,Yes,NA,0.016,PALISADES,FALSE,{646C237D-26C0-4619-ADE0-A6C6ECD59481},0.016
M02-085-1 (M02P06),2022-09-08,Direct Connection,Flowing,Yes,Yes,NA,0.011,PALISADES,FALSE,{646C237D-26C0-4619-ADE0-A6C6ECD59481},0.011
M02-085-2,2022-06-30,Direct Connection,Flowing,Yes,Yes,NA,0.027,PALISADES,FALSE,{1D128A62-EF51-4A28-936B-8E020EBC129D},0.027
M02-085-2,2022-09-08,Direct Connection,Flowing,Yes,Yes,NA,0.032,PALISADES,FALSE,{1D128A62-EF51-4A28-936B-8E020EBC129D},0.032
M02-086-1,2022-07-26,None - Flow Infiltrates or Outfall is Dry,Dry,Unknown,,0,0,PALISADES,FALSE,{F86F746E-958B-4AF4-8B9D-F230E1352261},0
M02-102-1,2022-07-20,Partial - Significant Distance,Pooled or Ponded,Yes,,NA,NA,PALISADES,FALSE,{C05A5DC6-D4EB-49A6-9228-7A922FA90F1E},NA
M02-102-1,2022-09-23,Partial - Significant Distance,Pooled or Ponded,Yes,,NA,NA,PALISADES,FALSE,{C05A5DC6-D4EB-49A6-9228-7A922FA90F1E},NA
M02-142-1,2022-07-20,None - Flow Infiltrates or Outfall is Dry,Dry,Unknown,,0,0,PALISADES,FALSE,{EC5901D7-35FC-4050-9794-9A9E94520BB5},0
SC02-072-1,2022-07-19,None - Flow Infiltrates or Outfall is Dry,Dry,Unknown,,0,0,PALISADES,FALSE,{8A0FEF34-0DE6-4AF1-B1AB-92EF23F35237},0
SC02-072-1,2022-08-30,None - Flow Infiltrates or Outfall is Dry,Dry,Unknown,,0,0,PALISADES,FALSE,{8A0FEF34-0DE6-4AF1-B1AB-92EF23F35237},0
SC03-067-1,2022-07-19,None - Flow Infiltrates or Outfall is Dry,Dry,Unknown,,0,0,PALISADES,FALSE,{9F0C26C8-D63A-4809-AD72-C714A780C1C6},0
SC03-067-1,2022-08-30,None - Flow Infiltrates or Outfall is Dry,Dry,Unknown,,0,0,PALISADES,FALSE,{9F0C26C8-D63A-4809-AD72-C714A780C1C6},0
SC05-073-1,2022-07-19,Direct Connection,Pooled or Ponded,Unknown,,NA,NA,PALISADES,FALSE,{665C8249-2626-4CF7-81EA-645A6B98A96D},NA
SC05-073-3,2022-07-19,Partial - Significant Distance,Flowing,Yes,,NA,NA,PALISADES,FALSE,{42902E2B-56C6-4060-A36D-AEA18B64156E},NA
SC05-073-3,2022-08-08,Direct Connection,Pooled or Ponded,Yes,,NA,NA,PALISADES,FALSE,{42902E2B-56C6-4060-A36D-AEA18B64156E},NA
SC06-146-1 (M00P02),2022-07-19,Partial - Significant Distance,Flowing,Yes,,0.003651,NA,PALISADES,FALSE,{839E2352-454E-4F0A-8BF2-3ECBF7506A2F},0.003651
SC06-146-1 (M00P02),2022-08-08,Direct Connection,Pooled or Ponded,Yes,,NA,NA,PALISADES,FALSE,{839E2352-454E-4F0A-8BF2-3ECBF7506A2F},NA
SC06-146-2 (M00P02),2022-07-19,Direct Connection,Flowing,Yes,,0.075,NA,PALISADES,FALSE,{39F60971-71F5-4FB5-A552-55C3B268E8F1},0.075
SC06-146-2 (M00P02),2022-08-08,Direct Connection,Flowing,Yes,,NA,NA,PALISADES,FALSE,{39F60971-71F5-4FB5-A552-55C3B268E8F1},NA
SC07-079-4,2022-07-20,Direct Connection,Flowing,Yes,,0.0075,NA,PALISADES,FALSE,{2469619B-A75B-4EF1-A5FC-DCC2D95A044B},0.0075
SC07-079-4,2022-09-23,Direct Connection,Flowing,Yes,,0.006,NA,PALISADES,FALSE,{2469619B-A75B-4EF1-A5FC-DCC2D95A044B},0.006
SC07-079-5,2022-07-20,Partial - Significant Distance,Flowing,Yes,,NA,NA,PALISADES,FALSE,{03864DBD-D87D-474A-A6EE-7F78E41DD1AA},NA
SC07-079-5,2022-09-23,Direct Connection,Flowing,Yes,,0.0144,NA,PALISADES,FALSE,{03864DBD-D87D-474A-A6EE-7F78E41DD1AA},0.0144
SC10-075-1 (M00P05),2022-07-12,Partial - Significant Distance,Pooled or Ponded,Yes,,NA,NA,PALISADES,FALSE,{A312578F-E3A9-4101-A4A6-AD6BB12708E1},NA
SC10-075-1 (M00P05),2022-09-23,Direct Connection,Flowing,Yes,,0.006,NA,PALISADES,FALSE,{A312578F-E3A9-4101-A4A6-AD6BB12708E1},0.006
SC11-026-1 (M00P01),2022-07-12,None - Flow Infiltrates or Outfall is Dry,Dry,Unknown,,0,0,PALISADES,FALSE,{7BC19F3E-F96A-4680-97D9-CFCD38CE4F28},0
SC11-026-1 (M00P01),2022-09-23,Partial - Significant Distance,Flowing,Unknown,,NA,0.008,PALISADES,FALSE,{7BC19F3E-F96A-4680-97D9-CFCD38CE4F28},0.008
SC11-035-2d,2022-07-12,None - Flow Infiltrates or Outfall is Dry,Dry,Unknown,,0,0,DANAPOINT,FALSE,{0E4D95D6-8AD7-457D-929B-ABD734ED7531},0
SC11-035-2d,2022-09-23,Partial - Significant Distance,Other - See Comments,Unknown,,NA,NA,DANAPOINT,FALSE,{0E4D95D6-8AD7-457D-929B-ABD734ED7531},NA
SC11-035-3d,2022-07-12,None - Flow Infiltrates or Outfall is Dry,Dry,Unknown,,0,0,PALISADES,FALSE,{BBC10ACC-C12B-4BF8-854C-F341793E1E96},0
SC11-035-3d,2022-09-23,None - Flow Infiltrates or Outfall is Dry,Dry,Unknown,,0,0,PALISADES,FALSE,{BBC10ACC-C12B-4BF8-854C-F341793E1E96},0
SC11-130-2,2022-09-23,Partial - Significant Distance,Pooled or Ponded,Unknown,,NA,NA,PALISADES,FALSE,{DE0020F6-684A-482B-8896-B9B1BD8DEE8C},NA
SC12-068-2,2022-07-19,Partial - Significant Distance,Flowing,Yes,,0.006217,NA,PALISADES,FALSE,{98B44F39-2446-4B60-A2A7-E75C37BDE055},0.006217
SC12-068-2,2022-09-23,Partial - Significant Distance,Flowing,Yes,,0.021,NA,PALISADES,FALSE,{98B44F39-2446-4B60-A2A7-E75C37BDE055},0.021
SC12-068-4,2022-07-19,Partial - Significant Distance,Flowing,Unknown,,3.08e-4,NA,PALISADES,FALSE,{8EA7D45C-F7B0-4458-86E9-AD604FC84803},3.08e-4
SC12-068-4,2022-08-08,None - Flow Infiltrates or Outfall is Dry,Dry,Unknown,,0,0,PALISADES,FALSE,{8EA7D45C-F7B0-4458-86E9-AD604FC84803},0
SM01-086-1 (M03P01),2022-07-26,Undetermined,Pooled or Ponded,Yes,,NA,NA,PALISADES,FALSE,{51E3B119-6EF4-4695-B9F3-3FFABED66286},NA
SM01-086-1 (M03P01),2022-09-15,Undetermined,Pooled or Ponded,Yes,,NA,NA,PALISADES,FALSE,{51E3B119-6EF4-4695-B9F3-3FFABED66286},NA
SM01-086-2,2022-07-26,Undetermined,Other - See Comments,Unknown,,NA,NA,PALISADES,FALSE,{3F28F93D-68A5-4355-B7E9-8E704FB9707E},NA
SM01-086-2,2022-09-15,Undetermined,Other - See Comments,Unknown,,NA,NA,PALISADES,FALSE,{3F28F93D-68A5-4355-B7E9-8E704FB9707E},NA
I00-11518-2,2022-08-16,NA,,Yes,,NA,NA,LAGUNABEACH,FALSE,{43927D34-5C8D-480F-9527-A565DA0C7C0C},NA
I01-11023-1,2022-09-01,NA,Pooled or Ponded,Yes,Yes,NA,NA,LAGUNABEACH,FALSE,{EC705F4A-8057-41AB-99F6-CDD22A7AEEDC},NA
I01-11216-2 (I02P12),2022-06-28,NA,Pooled or Ponded,Yes,,NA,NA,ELTORO,FALSE,{3E6152B4-AA12-4483-A315-F2A09982301C},NA
J01-9224-1 (J01P24),2022-08-10,NA,Flowing,Yes,Yes,0.004,NA,SULPHURCREEK,FALSE,{0066DC99-7D9F-42BE-ABDB-C06A68E52A0F},0.004
J03-9234-5,2022-08-31,NA,Pooled or Ponded,Yes,,NA,NA,SULPHURCREEK,FALSE,{0C213075-F3BE-4202-976F-D3228FB0F4F4},NA
L01-414-1,2022-07-21,NA,Pooled or Ponded,Yes,,NA,NA,TRABUCO,FALSE,{68338A6C-A350-4B2E-90E5-C3AA59C3D9A8},NA
L01-728-4,2022-09-14,NA,Flowing,Unknown,,0.021,NA,DANAPOINT,FALSE,{87F2F346-2A95-465B-9529-A030D3DAEC5F},0.021
L01-748-2,2022-07-13,NA,Pooled or Ponded,Yes,,NA,NA,PALISADES,FALSE,{DBC981FA-992C-4171-A16D-E171B6935A16},NA
L01-748-2,2022-08-10,NA,Pooled or Ponded,Yes,,NA,NA,PALISADES,FALSE,{DBC981FA-992C-4171-A16D-E171B6935A16},NA
L02-502-6,2022-08-11,NA,Other - See Comments,Unknown,,NA,NA,SULPHURCREEK,FALSE,{C5BC5588-D77D-4EF7-9CE0-E8B1DCFE0385},NA
L03-074-2,2022-06-22,NA,Flowing,Yes,,NA,NA,ELTORO,FALSE,{6A5E6BA4-3561-44F0-907D-3D9775BDE62E},NA
L03-074-2,2022-08-09,NA,Flowing,Yes,,0.00848,NA,ELTORO,FALSE,{6A5E6BA4-3561-44F0-907D-3D9775BDE62E},0.00848
L03-172-2,2022-06-22,NA,Flowing,Yes,,NA,NA,TRABUCO,FALSE,{F5690724-C245-4E1E-8E50-C527FA115971},NA
L03-172-2,2022-08-09,NA,Flowing,Yes,,0.010891499999999998,NA,TRABUCO,FALSE,{F5690724-C245-4E1E-8E50-C527FA115971},0.010891499999999998
L03-172-3,2022-06-22,NA,Pooled or Ponded,Yes,,NA,NA,TRABUCO,FALSE,{B1EF7D05-C4F9-490F-9BA9-7AFF1949A39B},NA
L03-172-3,2022-08-09,NA,Pooled or Ponded,Yes,,NA,NA,TRABUCO,FALSE,{B1EF7D05-C4F9-490F-9BA9-7AFF1949A39B},NA
L04-301-1 (L04P08),2022-06-22,NA,,Yes,,NA,NA,ELTORO,FALSE,{214EC75B-5777-4611-BDFC-D8AD310BF1D9},NA
M02-052-3,2022-07-28,NA,Flowing,Yes,,NA,0.002,PALISADES,FALSE,{E7B21F39-AB19-4339-B5EA-533C4BDF4CF1},0.002
M02-086-1,2022-08-30,NA,Other - See Comments,Unknown,,NA,NA,PALISADES,FALSE,{F86F746E-958B-4AF4-8B9D-F230E1352261},NA
M02-142-1,2022-08-24,NA,Other - See Comments,Unknown,,NA,NA,PALISADES,FALSE,{EC5901D7-35FC-4050-9794-9A9E94520BB5},NA
SC11-035-1d,2022-07-12,NA,Other - See Comments,Unknown,,NA,NA,DANAPOINT,FALSE,{3B52E0AD-1DF2-44A3-B49D-8D34966FF565},NA
SC11-035-1d,2022-09-23,NA,Other - See Comments,Unknown,,NA,NA,DANAPOINT,FALSE,{3B52E0AD-1DF2-44A3-B49D-8D34966FF565},NA
SC11-130-2,2022-07-12,NA,Other - See Comments,Unknown,,NA,NA,PALISADES,FALSE,{DE0020F6-684A-482B-8896-B9B1BD8DEE8C},NA
